Rank,Player Name,Team,Player ID,Team ID,Season Position,Conference,Qualified Rushing Leader,Games Played,Rushing Attempts,Rushing Yards,Rushing Yards Per Attempts,Rushing Touchdowns,Rushing Attempts Per Game,Rushing Yards Per Game,1st Downs (Rushing),Rushing Stuff pct.,Fumbles,Fumbles Lost,Rushing Tochdown pct.,Rush Yards After Contact Average,Rush Yards Before Contact Average,Broken Tackles
1,Christian McCaffrey,San Francisco 49ers,6393e1a14e48fdec9c1a13c1,6390fed843e25b1ece9e7adc,RB,NFC,1,16,272,1459,5.36397059,14,17,91.1875,83,9.191176,3,2,5.147059,2.22794118,3.13602941,17
2,Derrick Henry,Tennessee Titans,6396389974bd36db118b3c4f,6526d37d83a47c56303cf1b1,RB,AFC,1,17,280,1167,4.16785714,12,16.47058824,68.64705882,63,9.642857,0,0,4.285714,2.14642857,2.02142857,24
3,Kyren Williams,Los Angeles Rams,63910570219d1455f3e014a5,6526d3adfb66c7d02dfb8b6a,RB,NFC,1,12,228,1144,5.01754386,12,19,95.33333333,62,6.578947,3,2,5.263158,2.01315789,3.00438596,24
4,James Cook,Buffalo Bills,63910517219d1455f3dfe840,6526d34f83a47c56303cf10d,RB,AFC,1,17,237,1122,4.73417722,2,13.94117647,66,53,9.2827,4,2,0.843882,2.03375527,2.70042194,15
5,D'Andre Swift,Philadelphia Eagles,6393dea16dadddc83823c47d,6526d3b5fb66c7d02dfb8b90,RB,NFC,1,16,229,1049,4.58078603,5,14.3125,65.5625,50,10.043668,3,1,2.183406,1.77729258,2.80349345,23
6,James Conner,Arizona Cardinals,6393e19ac7099552f747e525,6526d3a0fb66c7d02dfb8b24,RB,NFC,1,13,208,1040,5,7,16,80,57,10.096154,0,0,3.365385,2.20673077,2.79326923,32
7,Najee Harris,Pittsburgh Steelers,6393dd8d4e48fdec9c193908,6526d38b83a47c56303cf21b,RB,AFC,1,17,255,1035,4.05882353,8,15,60.88235294,51,11.372549,2,1,3.137255,2.42352941,1.63529412,36
8,Joe Mixon,Cincinnati Bengals,6393e1716dadddc83824523d,6526d38383a47c56303cf1db,RB,AFC,1,17,257,1034,4.0233463,9,15.11764706,60.82352941,59,8.560311,0,0,3.501946,1.41245136,2.61089494,17
9,David Montgomery,Detroit Lions,6393dfea4e48fdec9c199342,6526d3c7afc95e6021c45c23,RB,NFC,1,14,219,1015,4.6347032,13,15.64285714,72.5,59,6.849315,2,1,5.936073,2.30136986,2.33333333,20
10,Raheem Mostert,Miami Dolphins,6396393b74bd36db118b5488,6526d363fb66c7d02dfb8a40,RB,AFC,1,15,209,1012,4.84210526,18,13.93333333,67.46666667,59,10.526316,4,1,8.61244,2.22488038,2.61722488,22
11,Travis Etienne Jr.,Jacksonville Jaguars,6393ddd573e62c17f260ef1b,6526d36cfb66c7d02dfb8a82,RB,AFC,1,17,267,1008,3.7752809,11,15.70588235,59.29411765,53,11.235955,0,0,4.11985,1.62921348,2.14606742,43
12,Tony Pollard,Dallas Cowboys,6393dfff4e48fdec9c19969f,6526d3b3fb66c7d02dfb8b7e,RB,NFC,1,17,252,1005,3.98809524,6,14.82352941,59.11764706,56,11.111111,3,1,2.380952,2.02380952,1.96428571,33
13,Breece Hall,New York Jets,639105304241d1eb7fab8ddd,6526d367fb66c7d02dfb8a51,RB,AFC,1,17,223,994,4.4573991,5,13.11764706,58.47058824,40,13.901345,2,0,2.242152,2.21524664,2.24215247,29
14,Rachaad White,Tampa Bay Buccaneers,6391055c63b0801348badccd,6526d38e83a47c56303cf241,RB,NFC,1,17,272,990,3.63970588,6,16,58.23529412,46,6.25,3,2,2.205882,1.46323529,2.17647059,17
15,Bijan Robinson,Atlanta Falcons,6526d3995906546d2e9893a2,6526d39683a47c56303cf27d,RB,NFC,1,17,214,976,4.56074766,4,12.58823529,57.41176471,50,10.280374,4,3,1.869159,1.90654206,2.65420561,25
16,Saquon Barkley,New York Giants,6393e0e84e48fdec9c19da75,6526d3c5afc95e6021c45c0e,RB,NFC,1,14,247,962,3.89473684,6,17.64285714,68.71428571,51,15.384615,2,2,2.42915,1.951417,1.94331984,15
17,Jahmyr Gibbs,Detroit Lions,6526d3c92fa16ce9e6162098,6526d3c7afc95e6021c45c23,RB,NFC,1,15,182,945,5.19230769,10,12.13333333,63,42,9.340659,2,1,5.494505,2.51648352,2.67582418,28
18,Isiah Pacheco,Kansas City Chiefs,6391053b4241d1eb7fab9720,6526d350fb66c7d02dfb8a0f,RB,AFC,1,14,205,935,4.56097561,7,14.64285714,66.78571429,53,6.829268,1,1,3.414634,1.87804878,2.68292683,19
19,Kenneth Walker III,Seattle Seahawks,6391053b4241d1eb7fab9639,6526d3adafc95e6021c45b89,RB,NFC,1,15,219,905,4.13242009,8,14.6,60.33333333,46,11.415525,1,0,3.652968,1.57990868,2.55251142,31
20,Chuba Hubbard,Carolina Panthers,6393dda573e62c17f260cea8,6390ffe743e25b1ece9e83f5,RB,NFC,1,17,238,902,3.78991597,5,14,53.05882353,59,9.663866,1,0,2.10084,1.78991597,2,22
21,Devin Singletary,Houston Texans,6393dfe44e48fdec9c1990e4,6526d375fb66c7d02dfb8abf,RB,AFC,1,17,216,898,4.15740741,4,12.70588235,52.82352941,41,8.796296,1,0,1.851852,1.61111111,2.5462963,12
22,Lamar Jackson,Baltimore Ravens,6393e0fec7099552f747bad3,6526d38583a47c56303cf1fa,QB,AFC,1,16,148,821,5.5472973,5,9.25,51.3125,48,6.081081,11,6,3.378378,1.5472973,4,14
23,Jerome Ford,Cleveland Browns,6391054863b0801348bad144,6526d38483a47c56303cf1ec,RB,AFC,1,17,204,813,3.98529412,4,12,47.82352941,33,16.666667,1,1,1.960784,1.79901961,2.18627451,30
24,Gus Edwards,Baltimore Ravens,6393e0eb4e48fdec9c19dd98,6526d38583a47c56303cf1fa,RB,AFC,1,17,198,810,4.09090909,13,11.64705882,47.64705882,49,6.565657,3,2,6.565657,1.82828283,2.26262626,12
25,Josh Jacobs,Las Vegas Raiders,6393dfcd6dadddc83823fae7,6526d34f83a47c56303cf108,RB,AFC,1,13,233,805,3.45493562,6,17.92307692,61.92307692,34,11.158798,3,1,2.575107,1.5193133,1.93562232,13
26,De'Von Achane,Miami Dolphins,6526d3655906546d2e988550,6526d363fb66c7d02dfb8a40,RB,AFC,0,11,103,800,7.76699029,8,9.36363636,72.72727273,30,9.708738,1,1,7.76699,3.06796117,4.69902913,16
27,Zack Moss,Indianapolis Colts,6393deea4e48fdec9c197c75,6526d36afb66c7d02dfb8a74,RB,AFC,1,14,183,794,4.33879781,5,13.07142857,56.71428571,43,7.650273,0,0,2.73224,1.8852459,2.45355191,6
28,Jaylen Warren,Pittsburgh Steelers,6391052963b0801348bac812,6526d38b83a47c56303cf21b,RB,AFC,1,17,149,784,5.26174497,4,8.76470588,46.11764706,36,10.738255,4,2,2.684564,2.39597315,2.86577181,34
29,Javonte Williams,Denver Broncos,6393ddc973e62c17f260e8d0,6526d34ffb66c7d02dfb8a0a,RB,AFC,1,16,217,774,3.56682028,3,13.5625,48.375,41,11.520737,1,1,1.382488,1.71428571,1.85253456,17
30,Jonathan Taylor,Indianapolis Colts,6393dec373e62c17f2610a5a,6526d36afb66c7d02dfb8a74,RB,AFC,1,10,169,741,4.38461538,7,16.9,74.1,42,8.284024,1,0,4.142012,2.68639053,1.69822485,19
31,Brian Robinson Jr.,Washington Commanders,6391050a4241d1eb7fab8540,6526d3afafc95e6021c45ba0,RB,NFC,1,15,178,733,4.11797753,5,11.86666667,48.86666667,47,5.617978,4,2,2.808989,1.94382022,2.1741573,22
32,Alexander Mattison,Minnesota Vikings,6393dfd2c7099552f7473904,6526d3caafc95e6021c45c58,RB,NFC,1,16,180,700,3.88888889,0,11.25,43.75,28,13.888889,3,2,0,1.73333333,2.15555556,6
33,Alvin Kamara,New Orleans Saints,6393e1544e48fdec9c1a024a,6526d39983a47c56303cf2a0,RB,NFC,1,13,180,694,3.85555556,5,13.84615385,53.38461538,42,8.333333,0,0,2.777778,1.57222222,2.28333333,16
34,Tyler Allgeier,Atlanta Falcons,6391056e4241d1eb7fab98f7,6526d39683a47c56303cf27d,RB,NFC,1,17,186,683,3.67204301,4,10.94117647,40.17647059,39,9.139785,0,0,2.150538,1.9516129,1.72043011,17
35,Justin Fields,Chicago Bears,6393ddb573e62c17f260dd76,6526d3c7afc95e6021c45c28,QB,NFC,1,13,124,657,5.2983871,4,9.53846154,50.53846154,43,10.483871,10,4,3.225806,1.69354839,3.60483871,9
36,Aaron Jones,Green Bay Packers,6393e1676dadddc838244c31,6526d3c9afc95e6021c45c48,RB,NFC,1,11,142,656,4.61971831,2,12.90909091,59.63636364,34,7.746479,2,1,1.408451,2.24647887,2.37323944,17
37,Ezekiel Elliott,New England Patriots,639638ba40970877a4310ccb,6526d369fb66c7d02dfb8a66,RB,AFC,1,17,184,642,3.48913043,3,10.82352941,37.76470588,33,9.23913,2,1,1.630435,1.58695652,1.90217391,13
38,Austin Ekeler,Los Angeles Chargers,6526d352a78ccf43a2e5690c,6526d34f83a47c56303cf112,RB,AFC,1,14,179,628,3.50837989,5,12.78571429,44.85714286,34,8.938547,5,4,2.793296,1.67597765,1.83240223,16
39,Rhamondre Stevenson,New England Patriots,6393ddac4e48fdec9c193f61,6526d369fb66c7d02dfb8a66,RB,AFC,1,12,156,619,3.96794872,4,13,51.58333333,36,7.692308,1,1,2.564103,2.07051282,1.8974359,15
40,AJ Dillon,Green Bay Packers,6393dedf6dadddc83823d1ad,6526d3c9afc95e6021c45c48,RB,NFC,1,15,178,613,3.44382022,2,11.86666667,40.86666667,32,8.426966,0,0,1.123596,1.69662921,1.74719101,13
41,Khalil Herbert,Chicago Bears,6393ddcd4e48fdec9c194fe0,6526d3c7afc95e6021c45c28,RB,NFC,1,12,132,611,4.62878788,2,11,50.91666667,25,6.818182,1,1,1.515152,2.13636364,2.49242424,15
42,Jalen Hurts,Philadelphia Eagles,6393dec16dadddc83823c6f6,6526d3b5fb66c7d02dfb8b90,QB,NFC,1,17,157,605,3.85350318,15,9.23529412,35.58823529,68,10.191083,9,5,9.55414,0.76433121,3.08917197,3
43,Josh Allen,Buffalo Bills,6393e0d173e62c17f26167a0,6526d34f83a47c56303cf10d,QB,AFC,1,17,111,524,4.72072072,15,6.52941176,30.82352941,57,2.702703,7,4,13.513514,1.79279279,2.92792793,9
44,Zach Charbonnet,Seattle Seahawks,6526d3b02fa16ce9e6161848,6526d3adafc95e6021c45b89,RB,NFC,1,16,108,462,4.27777778,1,6.75,28.875,32,11.111111,0,0,0.925926,1.93518519,2.34259259,12
45,Ty Chandler,Minnesota Vikings,6391055463b0801348bad6d5,6526d3caafc95e6021c45c58,RB,NFC,0,17,102,461,4.51960784,3,6,27.11764706,20,5.882353,0,0,2.941176,1.78431373,2.73529412,6
46,Tyjae Spears,Tennessee Titans,6526d37fa78ccf43a2e5733b,6526d37d83a47c56303cf1b1,RB,AFC,0,17,100,453,4.53,2,5.88235294,26.64705882,24,12,1,0,2,2.16,2.37,13
47,Zamir White,Las Vegas Raiders,63910517219d1455f3dfe822,6526d34f83a47c56303cf108,RB,AFC,0,17,104,451,4.33653846,1,6.11764706,26.52941176,19,6.730769,1,1,0.961538,2.35576923,1.98076923,10
48,Miles Sanders,Carolina Panthers,6393dff173e62c17f2613f00,6390ffe743e25b1ece9e83f5,RB,NFC,1,16,129,432,3.34883721,1,8.0625,27,24,13.178295,2,2,0.775194,1.73643411,1.6124031,12
49,D'Onta Foreman,Chicago Bears,6393e16dc7099552f747d8bb,6526d3c7afc95e6021c45c28,RB,NFC,1,9,109,425,3.89908257,4,12.11111111,47.22222222,24,10.091743,1,0,3.669725,1.51376147,2.3853211,9
50,Dameon Pierce,Houston Texans,6391050763b0801348babcbe,6526d375fb66c7d02dfb8abf,RB,AFC,1,14,145,416,2.86896552,2,10.35714286,29.71428571,14,13.793103,0,0,1.37931,1.62758621,1.24137931,13
51,Kareem Hunt,Cleveland Browns,6393e1a5ffee7578cffb7678,6526d38483a47c56303cf1ec,RB,AFC,1,15,135,411,3.04444444,9,9,27.4,38,9.62963,0,0,6.666667,1.2962963,1.74814815,2
52,Jaleel McLaughlin,Denver Broncos,6526d35214f02fc45f540f0e,6526d34ffb66c7d02dfb8a0a,RB,AFC,0,17,76,410,5.39473684,1,4.47058824,24.11764706,16,9.210526,0,0,1.315789,2.23684211,3.15789474,12
53,Joshua Kelley,Los Angeles Chargers,6393dee86dadddc83823d786,6526d34f83a47c56303cf112,RB,AFC,1,17,107,405,3.78504673,2,6.29411765,23.82352941,21,9.345794,1,1,1.869159,1.76635514,2.01869159,7
54,Taysom Hill,New Orleans Saints,6393e1ab4e48fdec9c1a18a5,6526d39983a47c56303cf2a0,QB,NFC,0,16,81,401,4.95061728,4,5.0625,25.0625,26,13.580247,1,1,4.938272,1.69135802,3.25925926,10
55,Keaton Mitchell,Baltimore Ravens,6526d386a78ccf43a2e5780f,6526d38583a47c56303cf1fa,RB,AFC,0,8,47,396,8.42553191,2,5.875,49.5,19,12.765957,0,0,4.255319,3.36170213,5.06382979,7
56,Patrick Mahomes,Kansas City Chiefs,6393e1704e48fdec9c1a0b0c,6526d350fb66c7d02dfb8a0f,QB,AFC,0,16,75,389,5.18666667,0,4.6875,24.3125,27,1.333333,5,3,0,0.52,4.66666667,2
57,Justice Hill,Baltimore Ravens,6393dfe44e48fdec9c199201,6526d38583a47c56303cf1fa,RB,AFC,0,16,84,387,4.60714286,3,5.25,24.1875,19,7.142857,1,1,3.571429,1.42857143,3.17857143,13
58,Kenneth Gainwell,Philadelphia Eagles,6393ded74e48fdec9c197863,6526d3b5fb66c7d02dfb8b90,RB,NFC,0,16,84,364,4.33333333,2,5.25,22.75,19,5.952381,3,1,2.380952,1.9047619,2.42857143,8
59,Rico Dowdle,Dallas Cowboys,6393de9e4e48fdec9c196528,6526d3b3fb66c7d02dfb8b7e,RB,NFC,0,16,89,361,4.05617978,2,5.5625,22.5625,17,6.741573,0,0,2.247191,1.94382022,2.11235955,7
60,Roschon Johnson,Chicago Bears,6526d3caa78ccf43a2e5803c,6526d3c7afc95e6021c45c28,RB,NFC,0,15,81,352,4.34567901,2,5.4,23.46666667,16,3.703704,1,0,2.469136,1.5308642,2.81481481,9
61,Russell Wilson,Denver Broncos,6396429330e719c7bdf8e7bc,6526d34ffb66c7d02dfb8a0a,QB,AFC,0,15,80,341,4.2625,3,5.33333333,22.73333333,38,1.25,10,5,3.75,0.6,3.6625,1
62,Trevor Lawrence,Jacksonville Jaguars,6393ddd573e62c17f260ef55,6526d36cfb66c7d02dfb8a82,QB,AFC,0,16,70,339,4.84285714,4,4.375,21.1875,23,5.714286,12,7,5.714286,0.77142857,4.07142857,5
63,Royce Freeman,Los Angeles Rams,6393e10a73e62c17f2618685,6526d3adfb66c7d02dfb8b6a,RB,NFC,0,14,77,319,4.14285714,2,5.5,22.78571429,17,6.493506,0,0,2.597403,1.80519481,2.33766234,8
64,Jamaal Williams,New Orleans Saints,6393e1ab4e48fdec9c1a188d,6526d39983a47c56303cf2a0,RB,NFC,0,13,106,306,2.88679245,1,8.15384615,23.53846154,19,9.433962,1,0,0.943396,1.35849057,1.52830189,3
65,Latavius Murray,Buffalo Bills,639653ee926e4df2104a6e70,6526d34f83a47c56303cf10d,RB,AFC,0,16,79,300,3.79746835,4,4.9375,18.75,27,6.329114,1,0,5.063291,1.59493671,2.20253165,5
66,Pierre Strong Jr.,Cleveland Browns,639105804241d1eb7faba05e,6526d38483a47c56303cf1ec,RB,AFC,0,17,63,291,4.61904762,1,3.70588235,17.11764706,10,12.698413,1,1,1.587302,2.50793651,2.11111111,5
67,Emari Demercado,Arizona Cardinals,6526d3a22fa16ce9e6161331,6526d3a0fb66c7d02dfb8b24,RB,NFC,0,14,58,284,4.89655172,2,4.14285714,20.28571429,12,8.62069,0,0,3.448276,2.03448276,2.86206897,2
68,Elijah Mitchell,San Francisco 49ers,6393ddbc4e48fdec9c194426,6390fed843e25b1ece9e7adc,RB,NFC,0,11,75,281,3.74666667,2,6.81818182,25.54545455,14,9.333333,0,0,2.666667,1.90666667,1.84,6
69,Antonio Gibson,Washington Commanders,6393ded74e48fdec9c1978a4,6526d3afafc95e6021c45ba0,RB,NFC,0,16,65,265,4.07692308,1,4.0625,16.5625,13,3.076923,4,2,1.538462,2.18461538,1.89230769,11
70,Sam Howell,Washington Commanders,6391055563b0801348bad700,6526d3afafc95e6021c45ba0,QB,NFC,0,17,48,263,5.47916667,5,2.82352941,15.47058824,19,6.25,4,2,10.416667,2.125,3.35416667,8
71,Joshua Dobbs,Arizona Cardinals,6393e1544e48fdec9c1a0256,6526d3a0fb66c7d02dfb8b24,QB,NFC,0,8,47,258,5.4893617,3,5.875,32.25,19,8.510638,8,4,6.382979,1.65957447,3.82978723,2
72,Bryce Young,Carolina Panthers,6526d39a5906546d2e989406,6390ffe743e25b1ece9e83f5,QB,NFC,0,16,39,253,6.48717949,0,2.4375,15.8125,18,5.128205,11,6,0,1.58974359,4.8974359,4
73t,Jordan Love,Green Bay Packers,6393dea973e62c17f260fc69,6526d3c9afc95e6021c45c48,QB,NFC,0,17,50,247,4.94,4,2.94117647,14.52941176,16,4,9,3,8,0.56,4.38,2
73t,Chris Rodriguez Jr.,Washington Commanders,6526d3b114f02fc45f5427ac,6526d3afafc95e6021c45ba0,RB,NFC,0,13,51,247,4.84313725,2,3.92307692,19,14,5.882353,1,1,3.921569,2.43137255,2.41176471,5
75,Kyler Murray,Arizona Cardinals,6393dfec4e48fdec9c199410,6526d3a0fb66c7d02dfb8b24,QB,NFC,0,8,44,244,5.54545455,3,5.5,30.5,15,18.181818,7,0,6.818182,0.34090909,5.20454545,0
76,Dak Prescott,Dallas Cowboys,6396389a8850e971e42c1a06,6526d3b3fb66c7d02dfb8b7e,QB,NFC,0,17,55,242,4.4,2,3.23529412,14.23529412,21,1.818182,4,2,3.636364,1.29090909,3.10909091,1
77,Samaje Perine,Denver Broncos,6393e1716dadddc838245245,6526d34ffb66c7d02dfb8a0a,RB,AFC,0,17,53,238,4.49056604,1,3.11764706,14,14,7.54717,3,2,1.886792,2.43396226,2.05660377,8
78,Justin Herbert,Los Angeles Chargers,6393deef73e62c17f261185a,6526d34f83a47c56303cf112,QB,AFC,0,13,52,228,4.38461538,3,4,17.53846154,16,3.846154,4,1,5.769231,1.01923077,3.36538462,2
79,Deebo Samuel,San Francisco 49ers,6393dfcac7099552f7473541,6390fed843e25b1ece9e7adc,WR,NFC,0,15,37,225,6.08108108,5,2.46666667,15,13,10.810811,1,0,13.513514,2.2972973,3.78378378,17
80,Clyde Edwards-Helaire,Kansas City Chiefs,6393dea373e62c17f260fb48,6526d350fb66c7d02dfb8a0f,RB,AFC,0,15,70,223,3.18571429,1,4.66666667,14.86666667,12,11.428571,0,0,1.428571,1.11428571,2.07142857,9
81,Dalvin Cook,New York Jets,6393e18effee7578cffb6fed,6526d367fb66c7d02dfb8a51,RB,AFC,0,15,67,214,3.19402985,0,4.46666667,14.26666667,10,7.462687,2,2,0,1.32835821,1.86567164,7
82,Zach Wilson,New York Jets,6393dde2c7099552f7472358,6526d367fb66c7d02dfb8a51,QB,AFC,0,12,36,211,5.86111111,0,3,17.58333333,7,8.333333,11,7,0,0.88888889,4.97222222,1
83t,Daniel Jones,New York Giants,6393e00b4e48fdec9c199af2,6526d3c5afc95e6021c45c0e,QB,NFC,0,6,40,206,5.15,1,6.66666667,34.33333333,15,5,4,1,2.5,0.725,4.425,0
83t,Jordan Mason,San Francisco 49ers,63910556219d1455f3e008b9,6390fed843e25b1ece9e7adc,RB,NFC,0,17,40,206,5.15,3,2.35294118,12.11764706,13,7.5,0,0,7.5,2.4,2.75,4
85,Tyrod Taylor,New York Giants,6396550c215be9feb896d131,6526d3c5afc95e6021c45c0e,QB,NFC,0,11,38,197,5.18421053,0,3.45454545,17.90909091,10,7.894737,4,0,0,1.15789474,4.02631579,1
86,Tommy DeVito,New York Giants,6526d3c72fa16ce9e6161eda,6526d3c5afc95e6021c45c0e,QB,NFC,0,9,36,195,5.41666667,1,4,21.66666667,7,11.111111,2,1,2.777778,0.77777778,4.63888889,1
87,Desmond Ridder,Atlanta Falcons,6391054863b0801348bad11e,6526d39683a47c56303cf27d,QB,NFC,0,15,53,193,3.64150943,5,3.53333333,12.86666667,18,13.207547,12,7,9.433962,0.49056604,3.1509434,2
88,Jeff Wilson Jr.,Miami Dolphins,6393e0d64e48fdec9c19d11a,6526d363fb66c7d02dfb8a40,RB,AFC,0,10,41,188,4.58536585,0,4.1,18.8,8,0,0,0,0,2.04878049,2.53658537,1
89,Cordarrelle Patterson,Atlanta Falcons,639653e132e0836ab49da193,6526d39683a47c56303cf27d,RB,NFC,0,14,50,181,3.62,0,3.57142857,12.92857143,9,10,1,0,0,1.78,1.84,2
90t,Craig Reynolds,Detroit Lions,6526d3c82fa16ce9e6161f6a,6526d3c7afc95e6021c45c23,RB,NFC,0,17,41,179,4.36585366,1,2.41176471,10.52941176,11,4.878049,2,2,2.439024,1.82926829,2.53658537,1
90t,Chase Brown,Cincinnati Bengals,6526d386a78ccf43a2e577a8,6526d38383a47c56303cf1db,RB,AFC,0,12,44,179,4.06818182,0,3.66666667,14.91666667,6,20.454545,1,0,0,2.88636364,1.18181818,4
92,Rondale Moore,Arizona Cardinals,6393ddae73e62c17f260da10,6526d3a0fb66c7d02dfb8b24,WR,NFC,0,17,28,178,6.35714286,1,1.64705882,10.47058824,5,14.285714,1,0,3.571429,1.28571429,5.07142857,4
93,Chase Edmonds,Tampa Bay Buccaneers,6393e0926dadddc83824368c,6526d38e83a47c56303cf241,RB,NFC,0,13,49,176,3.59183673,0,3.76923077,13.53846154,8,10.204082,0,0,0,1.51020408,2.08163265,2
94,Nick Chubb,Cleveland Browns,6393e0c86dadddc838244262,6526d38483a47c56303cf1ec,RB,AFC,0,2,28,170,6.07142857,0,14,85,8,3.571429,0,0,0,2.5,3.57142857,2
95,C.J. Stroud,Houston Texans,6526d3775906546d2e988bcc,6526d375fb66c7d02dfb8abf,QB,AFC,0,15,39,167,4.28205128,3,2.6,11.13333333,17,5.128205,8,4,7.692308,0.51282051,3.76923077,2
96t,Baker Mayfield,Tampa Bay Buccaneers,6393e0e34e48fdec9c19d7da,6526d38e83a47c56303cf241,QB,NFC,0,17,62,163,2.62903226,1,3.64705882,9.58823529,16,3.225806,8,3,1.612903,1.08064516,1.5483871,4
96t,Joshua Dobbs,Minnesota Vikings,6393e1544e48fdec9c1a0256,6526d3caafc95e6021c45c58,QB,NFC,0,5,30,163,5.43333333,3,6,32.6,12,6.666667,6,3,10,2.3,3.13333333,3
98,Trey Sermon,Indianapolis Colts,6393ddb573e62c17f260dd6c,6526d36afb66c7d02dfb8a74,RB,AFC,0,14,35,160,4.57142857,0,2.5,11.42857143,7,8.571429,0,0,0,2.82857143,1.74285714,4
99,Kendre Miller,New Orleans Saints,6526d39c5906546d2e989581,6526d39983a47c56303cf2a0,RB,NFC,0,8,41,156,3.80487805,1,5.125,19.5,10,2.439024,0,0,2.439024,2.04878049,1.75609756,4
100,Geno Smith,Seattle Seahawks,639653f432e0836ab49db06e,6526d3adafc95e6021c45b89,QB,NFC,0,15,37,155,4.18918919,1,2.46666667,10.33333333,10,5.405405,5,3,2.702703,0.32432432,3.86486486,0
101,Matt Breida,New York Giants,6393e183c7099552f747deaa,6526d3c5afc95e6021c45c0e,RB,NFC,0,17,55,151,2.74545455,1,3.23529412,8.88235294,7,7.272727,1,0,1.818182,1.18181818,1.56363636,2
102,Michael Carter,Arizona Cardinals,6393ddc973e62c17f260e882,6526d3a0fb66c7d02dfb8b24,RB,NFC,0,6,22,149,6.77272727,0,3.66666667,24.83333333,7,9.090909,0,0,0,2.04545455,4.72727273,2
103t,Brock Purdy,San Francisco 49ers,6391052f4241d1eb7fab8d8e,6390fed843e25b1ece9e7adc,QB,NFC,0,16,39,144,3.69230769,2,2.4375,9,15,2.564103,6,2,5.128205,0.92307692,2.76923077,2
103t,Easton Stick,Los Angeles Chargers,6393e0264e48fdec9c19acad,6526d34f83a47c56303cf112,QB,AFC,0,5,27,144,5.33333333,1,5.4,28.8,11,11.111111,5,4,3.703704,0.88888889,4.44444444,2
105,Deshaun Watson,Cleveland Browns,6393e1926dadddc838246018,6526d38483a47c56303cf1ec,QB,AFC,0,6,26,142,5.46153846,1,4.33333333,23.66666667,10,3.846154,5,2,3.846154,2,3.46153846,3
106,Patrick Taylor,Green Bay Packers,6393ded64e48fdec9c1977d8,6526d3c9afc95e6021c45c48,RB,NFC,0,11,32,141,4.40625,0,2.90909091,12.81818182,7,3.125,0,0,0,2.1875,2.21875,5
107,Cam Akers,Minnesota Vikings,6393dedf4e48fdec9c1979ee,6526d3caafc95e6021c45c58,RB,NFC,0,6,38,138,3.63157895,1,6.33333333,23,8,18.421053,0,0,2.631579,1.60526316,2.02631579,4
108,Anthony Richardson,Indianapolis Colts,6526d36d5906546d2e98876c,6526d36afb66c7d02dfb8a74,QB,AFC,0,4,25,136,5.44,4,6.25,34,8,4,3,1,16,0.96,4.48,0
109t,Ty Johnson,Buffalo Bills,6393dff173e62c17f2614003,6526d34f83a47c56303cf10d,RB,AFC,0,10,30,132,4.4,0,3,13.2,8,6.666667,1,0,0,2.13333333,2.26666667,2
109t,Tank Bigsby,Jacksonville Jaguars,6526d36d2fa16ce9e6160e6c,6526d36cfb66c7d02dfb8a82,RB,AFC,0,17,50,132,2.64,2,2.94117647,7.76470588,12,14,2,2,4,1.3,1.34,7
111,Ronnie Rivers,Los Angeles Rams,63910518219d1455f3dfe961,6526d3adfb66c7d02dfb8b6a,RB,NFC,0,9,32,129,4.03125,0,3.55555556,14.33333333,4,6.25,0,0,0,1.6875,2.34375,1
112,Jake Browning,Cincinnati Bengals,6393e015c7099552f7475ec6,6526d38383a47c56303cf1db,QB,AFC,0,9,27,127,4.7037037,3,3,14.11111111,12,0,3,0,11.111111,1.33333333,3.37037037,0
113,Taylor Heinicke,Atlanta Falcons,6396393240970877a431351f,6526d39683a47c56303cf27d,QB,NFC,0,5,15,124,8.26666667,1,3,24.8,5,6.666667,1,0,6.666667,0.4,7.86666667,0
114,Jayden Reed,Green Bay Packers,6526d3cba78ccf43a2e580aa,6526d3c9afc95e6021c45c48,WR,NFC,0,16,11,119,10.81818182,2,0.6875,7.4375,6,27.272727,2,0,18.181818,0.81818182,10,4
115,CeeDee Lamb,Dallas Cowboys,6393dec16dadddc83823c744,6526d3b3fb66c7d02dfb8b7e,WR,NFC,0,17,14,113,8.07142857,2,0.82352941,6.64705882,6,0,3,2,14.285714,2.85714286,5.21428571,17
116,Darrell Henderson,Los Angeles Rams,6393dfff4e48fdec9c1996a6,6526d3adfb66c7d02dfb8b6a,RB,NFC,0,4,46,112,2.43478261,2,11.5,28,5,17.391304,0,0,4.347826,1.45652174,0.97826087,1
117,KaVontae Turpin,Dallas Cowboys,6393dfe5c7099552f7474405,6526d3b3fb66c7d02dfb8b7e,WR,NFC,0,16,11,110,10,1,0.6875,6.875,5,0,1,0,9.090909,2.45454545,7.54545455,2
118,Tyson Bagent,Chicago Bears,6526d3c9a78ccf43a2e57fe9,6526d3c7afc95e6021c45c28,QB,NFC,0,5,23,109,4.73913043,2,4.6,21.8,11,0,3,2,8.695652,0.47826087,4.26086957,0
119,D'Ernest Johnson,Jacksonville Jaguars,6393e0f873e62c17f2617e4f,6526d36cfb66c7d02dfb8a82,RB,AFC,0,17,41,108,2.63414634,0,2.41176471,6.35294118,5,14.634146,0,0,0,0.7804878,1.85365854,1
120,Chris Brooks,Miami Dolphins,6526d3655906546d2e9884c4,6526d363fb66c7d02dfb8a40,RB,AFC,0,9,19,106,5.57894737,0,2.11111111,11.77777778,2,21.052632,0,0,0,4.21052632,1.36842105,2
121,Darrynton Evans,Chicago Bears,6393decf4e48fdec9c1974e0,6526d3c7afc95e6021c45c28,RB,NFC,0,5,30,105,3.5,1,6,21,9,6.666667,0,0,3.333333,1.33333333,2.16666667,3
122,Derius Davis,Los Angeles Chargers,6526d351a78ccf43a2e56824,6526d34f83a47c56303cf112,WR,AFC,0,17,14,101,7.21428571,0,0.82352941,5.94117647,5,21.428571,3,1,0,1.64285714,5.57142857,1
123,Gardner Minshew,Indianapolis Colts,6393e0154e48fdec9c19a0ce,6526d36afb66c7d02dfb8a74,QB,AFC,0,17,34,100,2.94117647,3,2,5.88235294,7,0,8,5,8.823529,0.20588235,2.73529412,1
124t,Isaiah Spiller,Los Angeles Chargers,6391050b4241d1eb7fab8664,6526d34f83a47c56303cf112,RB,AFC,0,9,37,96,2.59459459,0,4.11111111,10.66666667,1,8.108108,0,0,0,1.59459459,1,3
124t,Mac Jones,New England Patriots,6393dd8d4e48fdec9c1938ec,6526d369fb66c7d02dfb8a66,QB,AFC,0,11,26,96,3.69230769,0,2.36363636,8.72727273,11,3.846154,3,2,0,0.42307692,3.26923077,0
126,Damien Harris,Buffalo Bills,6393dfcd6dadddc83823face,6526d34f83a47c56303cf10d,RB,AFC,0,6,23,94,4.08695652,1,3.83333333,15.66666667,9,4.347826,0,0,4.347826,1.86956522,2.2173913,2
127t,Puka Nacua,Los Angeles Rams,6526d3ae14f02fc45f54259b,6526d3adfb66c7d02dfb8b6a,WR,NFC,0,17,12,89,7.41666667,0,0.70588235,5.23529412,5,0,1,0,0,2.25,5.16666667,9
127t,Ameer Abdullah,Las Vegas Raiders,6396393940970877a4313993,6526d34f83a47c56303cf108,RB,AFC,0,17,15,89,5.93333333,0,0.88235294,5.23529412,6,0,0,0,0,2.66666667,3.26666667,3
129,Joe Burrow,Cincinnati Bengals,6393dea273e62c17f260fa87,6526d38383a47c56303cf1db,QB,AFC,0,10,31,88,2.83870968,0,3.1,8.8,9,3.225806,2,1,0,0.32258065,2.51612903,0
130t,Tyler Goodson,Indianapolis Colts,639105354241d1eb7fab9283,6526d36afb66c7d02dfb8a74,RB,AFC,0,6,13,87,6.69230769,0,2.16666667,14.5,4,0,0,0,0,2.23076923,4.46153846,0
130t,Wan'Dale Robinson,New York Giants,63910507219d1455f3dfe6cc,6526d3c5afc95e6021c45c0e,WR,NFC,0,15,9,87,9.66666667,1,0.6,5.8,4,0,0,0,11.111111,1.33333333,8.33333333,6
132,Boston Scott,Philadelphia Eagles,6393e0d74e48fdec9c19d1e9,6526d3b5fb66c7d02dfb8b90,RB,NFC,0,15,20,86,4.3,0,1.33333333,5.73333333,5,5,1,1,0,1.65,2.65,3
133,Emanuel Wilson,Green Bay Packers,6526d3cba78ccf43a2e58086,6526d3c9afc95e6021c45c48,RB,NFC,0,7,14,85,6.07142857,0,2,12.14285714,2,7.142857,1,0,0,1.28571429,4.78571429,0
134,Bailey Zappe,New England Patriots,63910527219d1455f3dff031,6526d369fb66c7d02dfb8a66,QB,AFC,0,10,17,83,4.88235294,1,1.7,8.3,6,0,2,1,5.882353,1.35294118,3.52941176,0
135,Melvin Gordon III,Baltimore Ravens,6396393a74bd36db118b53ba,6526d38583a47c56303cf1fa,RB,AFC,0,4,26,81,3.11538462,1,6.5,20.25,4,19.230769,1,1,3.846154,2,1.11538462,1
136t,La'Mical Perine,Kansas City Chiefs,6393dea34e48fdec9c1966bd,6526d350fb66c7d02dfb8a0f,RB,AFC,0,3,22,77,3.5,0,7.33333333,25.66666667,3,4.545455,0,0,0,1.95454545,1.54545455,1
136t,Tre Tucker,Las Vegas Raiders,6526d3529ed9a52170f99572,6526d34f83a47c56303cf108,WR,AFC,0,16,10,77,7.7,0,0.625,4.8125,4,20,0,0,0,1.7,6,2
138,Kalif Raymond,Detroit Lions,6526d3c92fa16ce9e6162065,6526d3c7afc95e6021c45c23,WR,NFC,0,17,7,75,10.71428571,0,0.41176471,4.41176471,2,14.285714,1,0,0,1.42857143,9.28571429,1
139t,Ihmir Smith-Marsette,Carolina Panthers,6393ddaf73e62c17f260dac4,6390ffe743e25b1ece9e83f5,WR,NFC,0,17,8,74,9.25,1,0.47058824,4.35294118,4,0,2,0,12.5,4.625,4.625,4
139t,Keaontay Ingram,Arizona Cardinals,6391055963b0801348bad9b9,6526d3a0fb66c7d02dfb8b24,RB,NFC,0,8,35,74,2.11428571,0,4.375,9.25,4,31.428571,0,0,0,1.17142857,0.94285714,3
139t,Tua Tagovailoa,Miami Dolphins,6393dea4ffee7578cffb43b7,6526d363fb66c7d02dfb8a40,QB,AFC,0,17,35,74,2.11428571,0,2.05882353,4.35294118,5,25.714286,13,5,0,0.08571429,2.02857143,1
139t,Ryan Tannehill,Tennessee Titans,63965469ed3d6c80d4f5229f,6526d37d83a47c56303cf1b1,QB,AFC,0,10,17,74,4.35294118,1,1.7,7.4,4,5.882353,4,0,5.882353,0.88235294,3.47058824,0
143t,Israel Abanikanda,New York Jets,6526d3695906546d2e9885d0,6526d367fb66c7d02dfb8a51,RB,AFC,0,6,22,70,3.18181818,0,3.66666667,11.66666667,3,13.636364,1,1,0,1.09090909,2.09090909,1
143t,Tony Jones,New Orleans Saints,6393defa6dadddc83823de18,6526d39983a47c56303cf2a0,RB,NFC,0,4,21,70,3.33333333,2,5.25,17.5,6,0,0,0,9.52381,1.19047619,2.14285714,0
145,Trayveon Williams,Cincinnati Bengals,6393dfd4c7099552f7473996,6526d38383a47c56303cf1db,RB,AFC,0,17,15,69,4.6,0,0.88235294,4.05882353,2,13.333333,0,0,0,1.46666667,3.13333333,0
146,Xavier Gipson,New York Jets,6526d36a5906546d2e988670,6526d367fb66c7d02dfb8a51,WR,AFC,0,17,8,68,8.5,1,0.47058824,4,4,12.5,5,2,12.5,2.75,5.75,4
147t,Matthew Stafford,Los Angeles Rams,63966eef0e5a072d769c8e16,6526d3adfb66c7d02dfb8b6a,QB,NFC,0,15,21,65,3.0952381,0,1.4,4.33333333,4,0,0,0,0,0.19047619,2.9047619,0
147t,Kevin Harris,New England Patriots,639105034241d1eb7fab82de,6526d369fb66c7d02dfb8a66,RB,AFC,0,4,16,65,4.0625,1,4,16.25,2,6.25,0,0,6.25,3.375,0.6875,1
147t,Dorian Thompson-Robinson,Cleveland Browns,6526d38714f02fc45f541519,6526d38483a47c56303cf1ec,QB,AFC,0,8,14,65,4.64285714,0,1.75,8.125,4,14.285714,2,0,0,1.07142857,3.57142857,2
150,Salvon Ahmed,Miami Dolphins,6393deef73e62c17f2611845,6526d363fb66c7d02dfb8a40,RB,AFC,0,8,22,61,2.77272727,1,2.75,7.625,3,13.636364,0,0,4.545455,1.95454545,0.81818182,4
151,Jerick McKinnon,Kansas City Chiefs,6396533f57b9fbc69ebb9e9e,6526d350fb66c7d02dfb8a0f,RB,AFC,0,12,21,60,2.85714286,1,1.75,5,7,19.047619,0,0,4.761905,0.66666667,2.19047619,1
152t,Will Levis,Tennessee Titans,6526d37ea78ccf43a2e572bf,6526d37d83a47c56303cf1b1,QB,AFC,0,9,25,57,2.28,1,2.77777778,6.33333333,7,8,7,4,4,0.92,1.36,0
152t,Calvin Austin III,Pittsburgh Steelers,6526d38d14f02fc45f5417ad,6526d38b83a47c56303cf21b,WR,AFC,0,17,11,57,5.18181818,1,0.64705882,3.35294118,4,9.090909,2,0,9.090909,0.72727273,4.45454545,0
154t,Carson Wentz,Los Angeles Rams,639638fc40970877a4311db4,6526d3adfb66c7d02dfb8b6a,QB,NFC,0,2,17,56,3.29411765,1,8.5,28,4,5.882353,0,0,5.882353,1.17647059,2.11764706,0
154t,Zay Flowers,Baltimore Ravens,6526d386a78ccf43a2e5782b,6526d38583a47c56303cf1fa,WR,AFC,0,16,8,56,7,1,0.5,3.5,1,12.5,0,0,12.5,4.75,2.25,12
154t,Deven Thompkins,Tampa Bay Buccaneers,6391050f4241d1eb7fab885a,6526d38e83a47c56303cf241,WR,NFC,0,17,8,56,7,0,0.47058824,3.29411765,4,12.5,3,1,0,2.625,4.375,1
157t,Laviska Shenault Jr.,Carolina Panthers,6393deecffee7578cffb58ba,6390ffe743e25b1ece9e83f5,WR,NFC,0,8,12,55,4.58333333,0,1.5,6.875,3,8.333333,1,0,0,2.41666667,2.16666667,2
157t,Tyler Huntley,Baltimore Ravens,6393deea4e48fdec9c197c57,6526d38583a47c56303cf1fa,QB,AFC,0,5,15,55,3.66666667,0,3,11,3,0,0,0,0,0.6,3.06666667,1
159t,Kenny Pickett,Pittsburgh Steelers,63910558219d1455f3e00a23,6526d38b83a47c56303cf21b,QB,AFC,0,12,42,54,1.28571429,1,3.5,4.5,12,4.761905,2,0,2.380952,0.28571429,1,0
159t,Mitch Trubisky,Pittsburgh Steelers,6393e1964e48fdec9c1a1111,6526d38b83a47c56303cf21b,QB,AFC,0,5,16,54,3.375,2,3.2,10.8,6,6.25,1,1,12.5,0.6875,2.6875,1
161,Marcus Mariota,Philadelphia Eagles,6396395e8850e971e42c48a1,6526d3b5fb66c7d02dfb8b90,QB,NFC,0,3,8,52,6.5,0,2.66666667,17.33333333,6,0,1,1,0,0.75,5.75,0
162t,Tank Dell,Houston Texans,6526d3775906546d2e988b5d,6526d375fb66c7d02dfb8abf,WR,AFC,0,11,11,51,4.63636364,0,1,4.63636364,3,18.181818,1,0,0,2.09090909,2.54545455,2
162t,Velus Jones Jr.,Chicago Bears,63910502219d1455f3dfe462,6526d3c7afc95e6021c45c28,WR,NFC,0,14,8,51,6.375,0,0.57142857,3.64285714,4,25,0,0,0,2,4.375,0
162t,Tyquan Thornton,New England Patriots,6391052f219d1455f3dff5c2,6526d369fb66c7d02dfb8a66,WR,AFC,0,9,3,51,17,0,0.33333333,5.66666667,1,0,0,0,0,13,4,2
165,Xavier Hutchinson,Houston Texans,6526d3785906546d2e988c14,6526d375fb66c7d02dfb8abf,WR,AFC,0,16,5,49,9.8,0,0.3125,3.0625,3,0,0,0,0,1.8,8,1
166,Eric Gray,New York Giants,6526d3c72fa16ce9e6161f26,6526d3c5afc95e6021c45c0e,RB,NFC,0,13,17,48,2.82352941,0,1.30769231,3.69230769,2,17.647059,3,0,0,1.29411765,1.52941176,1
167,Raheem Blackshear,Carolina Panthers,63910557219d1455f3e0098c,6390ffe743e25b1ece9e83f5,RB,NFC,0,12,14,46,3.28571429,0,1.16666667,3.83333333,1,7.142857,0,0,0,1.21428571,2.07142857,2
168,Blaine Gabbert,Kansas City Chiefs,639654f657b9fbc69ebbc858,6526d350fb66c7d02dfb8a0f,QB,AFC,0,2,7,45,6.42857143,0,3.5,22.5,2,0,0,0,0,3.28571429,3.14285714,0
169,Damien Williams,Arizona Cardinals,63965384215be9feb896874f,6526d3a0fb66c7d02dfb8b24,RB,NFC,0,3,11,43,3.90909091,0,3.66666667,14.33333333,1,18.181818,0,0,0,2.54545455,1.36363636,1
170,Ke'Shawn Vaughn,Tampa Bay Buccaneers,6393de9f73e62c17f260fa63,6526d38e83a47c56303cf241,RB,NFC,0,6,24,42,1.75,0,4,7,0,16.666667,0,0,0,0.83333333,0.91666667,4
171t,Demario Douglas,New England Patriots,6526d36c2fa16ce9e6160dd0,6526d369fb66c7d02dfb8a66,WR,AFC,0,14,8,41,5.125,0,0.57142857,2.92857143,2,0,3,1,0,2.5,2.625,1
171t,Tyler Scott,Chicago Bears,6526d3c9a78ccf43a2e57faa,6526d3c7afc95e6021c45c28,WR,NFC,0,17,7,41,5.85714286,0,0.41176471,2.41176471,2,28.571429,1,1,0,1.57142857,4.28571429,1
173t,Trevor Siemian,New York Jets,6396393b74bd36db118b5612,6526d367fb66c7d02dfb8a51,QB,AFC,0,5,11,40,3.63636364,0,2.2,8,5,9.090909,5,3,0,0.54545455,3.09090909,0
173t,Leonard Fournette,Buffalo Bills,6393e1574e48fdec9c1a0448,6526d34f83a47c56303cf10d,RB,AFC,0,2,12,40,3.33333333,0,6,20,2,8.333333,0,0,0,1.66666667,1.66666667,0
173t,Deuce Vaughn,Dallas Cowboys,6526d3b62fa16ce9e6161a1d,6526d3b3fb66c7d02dfb8b7e,RB,NFC,0,7,23,40,1.73913043,0,3.28571429,5.71428571,1,21.73913,0,0,0,0.86956522,0.86956522,1
173t,Derek Carr,New Orleans Saints,6396537057b9fbc69ebba747,6526d39983a47c56303cf2a0,QB,NFC,0,17,32,40,1.25,0,1.88235294,2.35294118,4,3.125,7,3,0,0.1875,1.0625,0
177t,Chris Moore,Tennessee Titans,639638c840970877a4311342,6526d37d83a47c56303cf1b1,WR,AFC,0,17,2,39,19.5,0,0.11764706,2.29411765,1,0,1,0,0,1.5,18,1
177t,Jimmy Garoppolo,Las Vegas Raiders,6526d3529ed9a52170f9950a,6526d34f83a47c56303cf108,QB,AFC,0,7,20,39,1.95,0,2.85714286,5.57142857,6,5,1,0,0,0.65,1.3,1
177t,Curtis Samuel,Washington Commanders,6393e17bc7099552f747dd0d,6526d3afafc95e6021c45ba0,WR,NFC,0,16,7,39,5.57142857,1,0.4375,2.4375,4,14.285714,0,0,14.285714,3,2.57142857,4
180t,Chris Godwin,Tampa Bay Buccaneers,6393e17773e62c17f261a531,6526d38e83a47c56303cf241,WR,NFC,0,17,4,38,9.5,1,0.23529412,2.23529412,3,0,0,0,25,4.5,5,3
180t,Michael Carter,New York Jets,6393ddc973e62c17f260e882,6526d367fb66c7d02dfb8a51,RB,AFC,0,9,8,38,4.75,0,0.88888889,4.22222222,2,0,0,0,0,1.75,3,1
182,Rashid Shaheed,New Orleans Saints,6391057b4241d1eb7fab9d92,6526d39983a47c56303cf2a0,WR,NFC,0,15,7,37,5.28571429,0,0.46666667,2.46666667,1,0,1,1,0,1,4.28571429,4
183,DeeJay Dallas,Seattle Seahawks,6393dee56dadddc83823d6dd,6526d3adafc95e6021c45b89,RB,NFC,0,17,10,36,3.6,0,0.58823529,2.11764706,2,20,2,2,0,0.7,2.9,1
184t,C.J. Beathard,Jacksonville Jaguars,6393e177c7099552f747db5f,6526d36cfb66c7d02dfb8a82,QB,AFC,0,7,8,35,4.375,0,1.14285714,5,2,0,1,0,0,3.375,1,1
184t,Dare Ogunbowale,Houston Texans,6393e1746dadddc83824542b,6526d375fb66c7d02dfb8abf,RB,AFC,0,12,8,35,4.375,0,0.66666667,2.91666667,2,0,0,0,0,1.875,2.5,1
184t,Brandin Cooks,Dallas Cowboys,639653a357b9fbc69ebbb3f1,6526d3b3fb66c7d02dfb8b7e,WR,NFC,0,16,5,35,7,0,0.3125,2.1875,1,0,1,0,0,1.2,5.8,0
187t,Marquise Goodwin,Cleveland Browns,639653f4926e4df2104a745a,6526d38483a47c56303cf1ec,WR,AFC,0,12,4,33,8.25,0,0.33333333,2.75,2,25,0,0,0,1,7.25,0
187t,Jeff Driskel,Cleveland Browns,639638a440970877a4310338,6526d38483a47c56303cf1ec,QB,AFC,0,1,7,33,4.71428571,0,7,33,4,14.285714,0,0,0,1.28571429,3.42857143,0
187t,Rashaad Penny,Philadelphia Eagles,6393e0d4c7099552f747b1a1,6526d3b5fb66c7d02dfb8b90,RB,NFC,0,3,11,33,3,0,3.66666667,11,1,9.090909,0,0,0,1.54545455,1.45454545,0
190,Lynn Bowden Jr.,New Orleans Saints,6393dea26dadddc83823c60b,6526d39983a47c56303cf2a0,WR,NFC,0,15,5,32,6.4,0,0.33333333,2.13333333,3,40,1,0,0,1,5.4,0
191t,Brandon Bolden,Las Vegas Raiders,6396430c30e719c7bdf8ff8f,6526d34f83a47c56303cf108,RB,AFC,0,17,4,31,7.75,1,0.23529412,1.82352941,2,25,0,0,25,0.75,7,0
191t,Tutu Atwell,Los Angeles Rams,6393ddcc73e62c17f260e9ae,6526d3adfb66c7d02dfb8b6a,WR,NFC,0,16,5,31,6.2,0,0.3125,1.9375,2,20,0,0,0,1.2,5,0
191t,Kadarius Toney,Kansas City Chiefs,6393dd8bc7099552f7470ee2,6526d350fb66c7d02dfb8a0f,WR,AFC,0,13,11,31,2.81818182,0,0.84615385,2.38461538,2,36.363636,1,0,0,2.18181818,0.63636364,6
194t,Marvin Mims Jr.,Denver Broncos,6526d35314f02fc45f540fd6,6526d34ffb66c7d02dfb8a0a,WR,AFC,0,16,9,30,3.33333333,0,0.5625,1.875,2,22.222222,2,2,0,2.22222222,1.11111111,2
194t,Ray-Ray McCloud III,San Francisco 49ers,6393e0ff73e62c17f2618136,6390fed843e25b1ece9e7adc,WR,NFC,0,12,3,30,10,0,0.25,2.5,2,0,1,0,0,2.33333333,7.66666667,0
194t,Clayton Tune,Arizona Cardinals,6526d3a32fa16ce9e61613cc,6526d3a0fb66c7d02dfb8b24,QB,NFC,0,7,8,30,3.75,1,1.14285714,4.28571429,3,0,2,1,12.5,0.125,3.625,0
194t,P.J. Walker,Cleveland Browns,6393e18f6dadddc838245f80,6526d38483a47c56303cf1ec,QB,AFC,0,6,13,30,2.30769231,0,2.16666667,5,3,7.692308,4,2,0,1.23076923,1.07692308,1
198t,Cam Akers,Los Angeles Rams,6393dedf4e48fdec9c1979ee,6526d3adfb66c7d02dfb8b6a,RB,NFC,0,1,22,29,1.31818182,1,22,29,4,22.727273,0,0,4.545455,1.27272727,0.04545455,4
198t,Jameson Williams,Detroit Lions,6391050b4241d1eb7fab859c,6526d3c7afc95e6021c45c23,WR,NFC,0,12,3,29,9.66666667,1,0.25,2.41666667,1,0,1,0,33.333333,1.33333333,8.33333333,5
200t,Khari Blasingame,Chicago Bears,6393dfca6dadddc83823fa49,6526d3c7afc95e6021c45c28,RB,NFC,0,16,8,26,3.25,0,0.5,1.625,0,0,0,0,0,1.875,1.375,0
200t,Derrick Gore,Washington Commanders,6393dffc73e62c17f26145a4,6526d3afafc95e6021c45ba0,RB,NFC,0,6,3,26,8.66666667,0,0.5,4.33333333,1,0,0,0,0,1.33333333,7.33333333,0
202t,Tony Jones,Arizona Cardinals,6393defa6dadddc83823de18,6526d3a0fb66c7d02dfb8b24,RB,NFC,0,3,5,25,5,0,1.66666667,8.33333333,1,20,0,0,0,2.8,2.2,1
202t,Nick Mullens,Minnesota Vikings,6393e1634e48fdec9c1a086b,6526d3caafc95e6021c45c58,QB,NFC,0,5,10,25,2.5,0,2,5,4,0,2,0,0,0.1,2.4,0
202t,Kirk Cousins,Minnesota Vikings,6396546fed3d6c80d4f525b0,6526d3caafc95e6021c45c58,QB,NFC,0,8,14,25,1.78571429,0,1.75,3.125,6,7.142857,7,4,0,0.21428571,1.57142857,0
205t,Jakobi Meyers,Las Vegas Raiders,6393e00bc7099552f7475702,6526d34f83a47c56303cf108,WR,AFC,0,16,4,24,6,2,0.25,1.5,3,0,0,0,50,0.75,5.25,7
205t,Amon-Ra St. Brown,Detroit Lions,6393ddd173e62c17f260ec50,6526d3c7afc95e6021c45c23,WR,NFC,0,16,4,24,6,0,0.25,1.5,2,0,1,1,0,2.25,3.75,10
207t,Skyy Moore,Kansas City Chiefs,6391056763b0801348bae2f3,6526d350fb66c7d02dfb8a0f,WR,AFC,0,14,3,23,7.66666667,0,0.21428571,1.64285714,1,0,0,0,0,1.66666667,6,0
207t,Sean Tucker,Tampa Bay Buccaneers,6526d39014f02fc45f5419fa,6526d38e83a47c56303cf241,RB,NFC,0,11,15,23,1.53333333,0,1.36363636,2.09090909,1,20,0,0,0,0.8,0.73333333,1
207t,Demarcus Robinson,Los Angeles Rams,6396389674bd36db118b3a0d,6526d3adfb66c7d02dfb8b6a,WR,NFC,0,16,1,23,23,0,0.0625,1.4375,1,0,2,1,0,9,14,0
207t,Marquise Brown,Arizona Cardinals,6393dfed4e48fdec9c199456,6526d3a0fb66c7d02dfb8b24,WR,NFC,0,14,2,23,11.5,0,0.14285714,1.64285714,1,50,0,0,0,1.5,10,2
207t,Calvin Ridley,Jacksonville Jaguars,6393e0cbc7099552f747acc0,6526d36cfb66c7d02dfb8a82,WR,AFC,0,17,9,23,2.55555556,0,0.52941176,1.35294118,3,33.333333,1,0,0,0,2.55555556,1
207t,Mike Boone,Houston Texans,6393e0f8c7099552f747b8b6,6526d375fb66c7d02dfb8abf,RB,AFC,0,9,5,23,4.6,0,0.55555556,2.55555556,2,0,1,0,0,1.4,3.2,2
213t,Erik Ezukanma,Miami Dolphins,6391052e219d1455f3dff4ce,6526d363fb66c7d02dfb8a40,WR,AFC,0,2,5,22,4.4,0,2.5,11,1,40,0,0,0,3.2,1.2,1
213t,Trey Palmer,Tampa Bay Buccaneers,6526d39014f02fc45f541a1e,6526d38e83a47c56303cf241,WR,NFC,0,17,3,22,7.33333333,0,0.17647059,1.29411765,1,0,3,1,0,0.66666667,6.66666667,0
213t,J.K. Dobbins,Baltimore Ravens,6393decb4e48fdec9c1973f2,6526d38583a47c56303cf1fa,RB,AFC,0,1,8,22,2.75,1,8,22,1,0,0,0,12.5,0.5,2.25,1
216t,Jared Goff,Detroit Lions,639638d840970877a43117d2,6526d3c7afc95e6021c45c23,QB,NFC,0,17,32,21,0.65625,2,1.88235294,1.23529412,5,0,6,4,6.25,0.25,0.40625,0
216t,Bo Melton,Green Bay Packers,6391053b4241d1eb7fab96e7,6526d3c9afc95e6021c45c48,WR,NFC,0,5,3,21,7,0,0.6,4.2,2,0,0,0,0,6.66666667,0.33333333,3
216t,DJ Moore,Chicago Bears,6393e0e94e48fdec9c19db3d,6526d3c7afc95e6021c45c28,WR,NFC,0,17,4,21,5.25,1,0.23529412,1.23529412,1,0,1,1,25,0,5.25,9
216t,Tyrion Davis-Price,San Francisco 49ers,639105074241d1eb7fab8397,6390fed843e25b1ece9e7adc,RB,NFC,0,1,6,21,3.5,0,6,21,1,16.666667,0,0,0,2.33333333,1.16666667,0
216t,Malik Willis,Tennessee Titans,6391057263b0801348bae82c,6526d37d83a47c56303cf1b1,QB,AFC,0,3,5,21,4.2,0,1.66666667,7,1,20,1,1,0,0.6,3.6,0
221t,Zach Evans,Los Angeles Rams,6526d3af14f02fc45f542694,6526d3adfb66c7d02dfb8b6a,RB,NFC,0,10,9,19,2.11111111,0,0.9,1.9,0,0,0,0,0,1.55555556,0.55555556,1
221t,Hunter Luepke,Dallas Cowboys,6390fee09c019f89bc2d1993,6526d3b3fb66c7d02dfb8b7e,RB,NFC,0,17,6,19,3.16666667,1,0.35294118,1.11764706,5,0,0,0,16.666667,2.16666667,1,0
221t,Jacoby Brissett,Washington Commanders,639638ce8850e971e42c226b,6526d3afafc95e6021c45ba0,QB,NFC,0,3,3,19,6.33333333,0,1,6.33333333,0,0,0,0,0,3,3.33333333,0
221t,Gary Brightwell,New York Giants,6393ddd44e48fdec9c195472,6526d3c5afc95e6021c45c0e,RB,NFC,0,7,9,19,2.11111111,0,1.28571429,2.71428571,0,11.111111,0,0,0,1.66666667,0.44444444,1
221t,Brett Rypien,Los Angeles Rams,6393dfd2c7099552f7473936,6526d3adfb66c7d02dfb8b6a,QB,NFC,0,2,3,19,6.33333333,0,1.5,9.5,1,0,2,1,0,0,6.33333333,0
226t,DeAndre Carter,Las Vegas Raiders,639639198850e971e42c3593,6526d34f83a47c56303cf108,WR,AFC,0,17,3,18,6,0,0.17647059,1.05882353,2,0,2,0,0,0.33333333,5.66666667,0
226t,George Pickens,Pittsburgh Steelers,63910517219d1455f3dfe88f,6526d38b83a47c56303cf21b,WR,AFC,0,17,3,18,6,0,0.17647059,1.05882353,2,33.333333,3,0,0,1.66666667,4.33333333,6
226t,Treylon Burks,Tennessee Titans,6391050e63b0801348babedf,6526d37d83a47c56303cf1b1,WR,AFC,0,11,5,18,3.6,0,0.45454545,1.63636364,0,20,0,0,0,2.2,1.4,1
226t,Rashod Bateman,Baltimore Ravens,6393ddb2ffee7578cffb2084,6526d38583a47c56303cf1fa,WR,AFC,0,16,1,18,18,0,0.0625,1.125,1,0,0,0,0,1,17,1
230t,Brandon Powell,Minnesota Vikings,6393e0c973e62c17f26165ae,6526d3caafc95e6021c45c58,WR,NFC,0,17,5,17,3.4,0,0.29411765,1,1,20,1,1,0,0.8,2.6,1
230t,Jalen Reagor,New England Patriots,6393debbffee7578cffb4eca,6526d369fb66c7d02dfb8a66,WR,AFC,0,11,1,17,17,0,0.09090909,1.54545455,1,0,0,0,0,5,12,0
232,Darrynton Evans,Miami Dolphins,6393decf4e48fdec9c1974e0,6526d363fb66c7d02dfb8a40,RB,AFC,0,2,2,16,8,0,1,8,1,0,0,0,0,2,6,0
233t,Devin Duvernay,Baltimore Ravens,6393debb73e62c17f2610719,6526d38583a47c56303cf1fa,WR,AFC,0,13,4,15,3.75,0,0.30769231,1.15384615,0,0,0,0,0,0.75,3,0
233t,Sam Darnold,San Francisco 49ers,6393e1034e48fdec9c19ec06,6390fed843e25b1ece9e7adc,QB,NFC,0,10,21,15,0.71428571,1,2.1,1.5,3,4.761905,3,1,4.761905,0.28571429,0.42857143,0
233t,Tyreek Hill,Miami Dolphins,6396393374bd36db118b5185,6526d363fb66c7d02dfb8a40,WR,AFC,0,16,6,15,2.5,0,0.375,0.9375,2,16.666667,1,1,0,2.83333333,-0.33333333,13
236t,Jaren Hall,Minnesota Vikings,6526d3cc2fa16ce9e6162148,6526d3caafc95e6021c45c58,QB,NFC,0,3,6,14,2.33333333,0,2,4.66666667,0,0,2,2,0,0.16666667,2.16666667,0
236t,Drew Lock,Seattle Seahawks,6393dfca4e48fdec9c1984b5,6526d3adafc95e6021c45b89,QB,NFC,0,4,5,14,2.8,0,1.25,3.5,1,0,0,0,0,0,2.8,0
236t,Deon Jackson,Indianapolis Colts,6393ddc773e62c17f260e7bd,6526d36afb66c7d02dfb8a74,RB,AFC,0,2,13,14,1.07692308,0,6.5,7,1,15.384615,2,2,0,0.92307692,0.15384615,2
236t,Isaiah McKenzie,Indianapolis Colts,6393e15673e62c17f261a036,6526d36afb66c7d02dfb8a74,WR,AFC,0,13,3,14,4.66666667,0,0.23076923,1.07692308,0,0,3,2,0,2.33333333,2.33333333,0
240t,Kene Nwangwu,Minnesota Vikings,6393ddab4e48fdec9c193e15,6526d3caafc95e6021c45c58,RB,NFC,0,9,5,13,2.6,0,0.55555556,1.44444444,0,20,0,0,0,1,1.6,0
240t,Charlie Jones,Cincinnati Bengals,6526d385a78ccf43a2e57794,6526d38383a47c56303cf1db,WR,AFC,0,11,2,13,6.5,0,0.18181818,1.18181818,1,0,0,0,0,2,4.5,0
240t,Zonovan Knight,Detroit Lions,6391055363b0801348bad517,6526d3c7afc95e6021c45c23,RB,NFC,0,2,3,13,4.33333333,0,1.5,6.5,0,0,0,0,0,2,2.33333333,0
243t,Jaylen Waddle,Miami Dolphins,6393dd8d4e48fdec9c19391f,6526d363fb66c7d02dfb8a40,WR,AFC,0,14,3,12,4,0,0.21428571,0.85714286,1,33.333333,0,0,0,0,4,6
243t,Adam Prentice,New Orleans Saints,6393dd88ffee7578cffb0bf7,6526d39983a47c56303cf2a0,RB,NFC,0,13,2,12,6,0,0.15384615,0.92307692,1,0,1,1,0,1,5,0
243t,Chris Evans,Cincinnati Bengals,6393ddb2ffee7578cffb20e4,6526d38383a47c56303cf1db,RB,AFC,0,8,2,12,6,0,0.25,1.5,0,0,0,0,0,2.5,3.5,0
243t,Andy Dalton,Carolina Panthers,63965520926e4df2104ab351,6390ffe743e25b1ece9e83f5,QB,NFC,0,3,3,12,4,0,1,4,2,0,0,0,0,0.33333333,3.66666667,0
247t,Elijah Moore,Cleveland Browns,6393dd914e48fdec9c1939de,6526d38483a47c56303cf1ec,WR,AFC,0,17,9,11,1.22222222,0,0.52941176,0.64705882,2,33.333333,2,2,0,1.33333333,-0.11111111,4
247t,Jonathan Ward,Tennessee Titans,6393deefffee7578cffb5b2d,6526d37d83a47c56303cf1b1,RB,AFC,0,7,3,11,3.66666667,0,0.42857143,1.57142857,1,0,0,0,0,2,1.66666667,0
247t,Braxton Berrios,Miami Dolphins,6393e1024e48fdec9c19eb29,6526d363fb66c7d02dfb8a40,WR,AFC,0,16,1,11,11,0,0.0625,0.6875,1,0,1,0,0,10,1,2
247t,Christian Watson,Green Bay Packers,6391057f4241d1eb7fab9fa2,6526d3c9afc95e6021c45c48,WR,NFC,0,9,4,11,2.75,0,0.44444444,1.22222222,1,25,0,0,0,3.5,-0.75,1
247t,Tyler Boyd,Cincinnati Bengals,639638d2071a18e16bac00ac,6526d38383a47c56303cf1db,WR,AFC,0,17,2,11,5.5,0,0.11764706,0.64705882,1,0,0,0,0,0,5.5,2
247t,Keisean Nixon,Green Bay Packers,6393dfcac7099552f7473591,6526d3c9afc95e6021c45c48,CB,NFC,0,17,1,11,11,0,0.05882353,0.64705882,1,0,3,1,0,11,0,1
247t,Aidan O'Connell,Las Vegas Raiders,6526d3529ed9a52170f99526,6526d34f83a47c56303cf108,QB,AFC,0,11,17,11,0.64705882,1,1.54545455,1,7,5.882353,4,2,5.882353,0.29411765,0.35294118,0
254t,Jake Funk,Indianapolis Colts,6393ddb2ffee7578cffb1f6a,6526d36afb66c7d02dfb8a74,RB,AFC,0,4,2,10,5,0,0.5,2.5,0,0,0,0,0,0,5,0
254t,Khalil Shakir,Buffalo Bills,6391050f63b0801348babf7b,6526d34f83a47c56303cf10d,WR,AFC,0,17,1,10,10,0,0.05882353,0.58823529,1,0,1,0,0,0,10,0
254t,Gerald Everett,Los Angeles Chargers,6393e18373e62c17f261a97c,6526d34f83a47c56303cf112,TE,AFC,0,15,3,10,3.33333333,0,0.2,0.66666667,0,0,3,0,0,1.33333333,2,9
254t,Blake Gillikin,Arizona Cardinals,6393dec76dadddc83823c8b5,6526d3a0fb66c7d02dfb8b24,P,NFC,0,13,1,10,10,0,0.07692308,0.76923077,1,0,0,0,0,0,10,0
258t,Michael Burton,Denver Broncos,6396393f74bd36db118b585c,6526d34ffb66c7d02dfb8a0a,RB,AFC,0,17,7,9,1.28571429,0,0.41176471,0.52941176,4,28.571429,0,0,0,1.14285714,0.14285714,0
258t,Ben Skowronek,Los Angeles Rams,6393ddd14e48fdec9c195286,6526d3adfb66c7d02dfb8b6a,WR,NFC,0,17,2,9,4.5,0,0.11764706,0.52941176,1,50,0,0,0,3,1.5,0
258t,Ty Montgomery II,New England Patriots,6396395d40970877a4314aab,6526d369fb66c7d02dfb8a66,WR,AFC,0,13,3,9,3,0,0.23076923,0.69230769,0,0,0,0,0,0,3,0
258t,Quentin Johnston,Los Angeles Chargers,6526d352a78ccf43a2e56910,6526d34f83a47c56303cf112,WR,AFC,0,17,3,9,3,0,0.17647059,0.52941176,0,0,0,0,0,1,2,2
258t,Davis Mills,Houston Texans,6393ddd94e48fdec9c195905,6526d375fb66c7d02dfb8abf,QB,AFC,0,6,2,9,4.5,0,0.33333333,1.5,0,0,0,0,0,0,4.5,0
258t,DeAndre Hopkins,Tennessee Titans,63965407926e4df2104a7e1d,6526d37d83a47c56303cf1b1,WR,AFC,0,17,2,9,4.5,0,0.11764706,0.52941176,0,0,0,0,0,2.5,2,4
264t,Harrison Bryant,Cleveland Browns,6393deb973e62c17f2610532,6526d38483a47c56303cf1ec,TE,AFC,0,17,5,8,1.6,0,0.29411765,0.47058824,4,20,1,1,0,0.8,0.8,1
264t,Jarrett Stidham,Denver Broncos,6393dfce6dadddc83823fc2c,6526d34ffb66c7d02dfb8a0a,QB,AFC,0,3,9,8,0.88888889,0,3,2.66666667,1,11.111111,1,0,0,0.11111111,0.77777778,0
264t,Mason Rudolph,Pittsburgh Steelers,6393e0dd73e62c17f2616e10,6526d38b83a47c56303cf21b,QB,AFC,0,4,10,8,0.8,0,2.5,2,4,20,3,1,0,0.3,0.5,0
264t,Cedric Tillman,Cleveland Browns,6526d38614f02fc45f541433,6526d38483a47c56303cf1ec,WR,AFC,0,14,1,8,8,0,0.07142857,0.57142857,0,0,0,0,0,0,8,2
268t,C.J. Ham,Minnesota Vikings,6526d3cc2fa16ce9e6162158,6526d3caafc95e6021c45c58,RB,NFC,0,17,1,7,7,0,0.05882353,0.41176471,0,0,0,0,0,2,5,1
268t,Nico Collins,Houston Texans,6393deca6dadddc83823cade,6526d375fb66c7d02dfb8abf,WR,AFC,0,15,1,7,7,0,0.06666667,0.46666667,0,0,1,0,0,3,4,16
268t,Robert Woods,Houston Texans,6396540b926e4df2104a81d2,6526d375fb66c7d02dfb8abf,WR,AFC,0,14,1,7,7,0,0.07142857,0.5,0,0,0,0,0,0,7,1
271t,Joshua Palmer,Los Angeles Chargers,6393dd884e48fdec9c19366f,6526d34f83a47c56303cf112,WR,AFC,0,10,1,6,6,0,0.1,0.6,0,0,1,1,0,5,1,2
271t,Logan Woodside,Atlanta Falcons,6393e10d73e62c17f2618b1d,6526d39683a47c56303cf27d,QB,NFC,0,1,1,6,6,0,1,6,0,0,0,0,0,0,6,0
271t,Adam Thielen,Carolina Panthers,6526d39a5906546d2e9893f6,6390ffe743e25b1ece9e83f5,WR,NFC,0,17,1,6,6,0,0.05882353,0.35294118,0,0,2,0,0,4,2,2
271t,Christian Kirk,Jacksonville Jaguars,6393e0ccc7099552f747ae76,6526d36cfb66c7d02dfb8a82,WR,AFC,0,12,1,6,6,0,0.08333333,0.5,0,0,2,2,0,0,6,3
271t,Elijah Dotson,Los Angeles Chargers,6526d351a78ccf43a2e5681c,6526d34f83a47c56303cf112,RB,AFC,0,4,4,6,1.5,0,1,1.5,0,0,0,0,0,0.75,0.75,0
271t,Chigoziem Okonkwo,Tennessee Titans,639105384241d1eb7fab9401,6526d37d83a47c56303cf1b1,TE,AFC,0,17,2,6,3,0,0.11764706,0.35294118,1,0,0,0,0,1,2,5
271t,Keenan Allen,Los Angeles Chargers,6396540e215be9feb896a25b,6526d34f83a47c56303cf112,WR,AFC,0,13,2,6,3,0,0.15384615,0.46153846,1,0,2,1,0,0,3,5
271t,Sterling Shepard,New York Giants,639638b2071a18e16babef02,6526d3c5afc95e6021c45c0e,WR,NFC,0,15,1,6,6,0,0.06666667,0.4,0,0,1,1,0,4,2,0
271t,Kyle Juszczyk,San Francisco 49ers,6526d3a15906546d2e9899af,6390fed843e25b1ece9e7adc,RB,NFC,0,17,5,6,1.2,0,0.29411765,0.35294118,2,20,0,0,0,0.4,0.8,0
280t,Darnell Mooney,Chicago Bears,6393ded64e48fdec9c1976e6,6526d3c7afc95e6021c45c28,WR,NFC,0,15,2,5,2.5,0,0.13333333,0.33333333,0,0,0,0,0,1,1.5,1
280t,Devine Ozigbo,Detroit Lions,6393dfecc7099552f7474984,6526d3c7afc95e6021c45c23,RB,NFC,0,3,3,5,1.66666667,0,1,1.66666667,1,33.333333,0,0,0,1,0.66666667,1
280t,Greg Dortch,Arizona Cardinals,6393e0084e48fdec9c199886,6526d3a0fb66c7d02dfb8b24,WR,NFC,0,16,1,5,5,0,0.0625,0.3125,0,0,0,0,0,1,4,1
280t,Dee Eskridge,Seattle Seahawks,6393dde04e48fdec9c195eac,6526d3adafc95e6021c45b89,WR,NFC,0,4,2,5,2.5,0,0.5,1.25,1,50,0,0,0,0,2.5,0
280t,Stefon Diggs,Buffalo Bills,6396393d40970877a4313bbf,6526d34f83a47c56303cf10d,WR,AFC,0,17,1,5,5,0,0.05882353,0.29411765,1,0,2,1,0,2,3,11
280t,Tim Boyle,New York Jets,6393e09973e62c17f26151ca,6526d367fb66c7d02dfb8a51,QB,AFC,0,3,4,5,1.25,0,1.33333333,1.66666667,3,25,2,0,0,0.75,0.5,0
286t,Nick Bawden,New York Jets,6393e0d5c7099552f747b230,6526d367fb66c7d02dfb8a51,RB,AFC,0,16,2,4,2,1,0.125,0.25,1,0,0,0,50,1.5,0.5,0
286t,Sam LaPorta,Detroit Lions,6526d3c82fa16ce9e6161fa6,6526d3c7afc95e6021c45c23,TE,NFC,0,17,1,4,4,0,0.05882353,0.23529412,0,0,0,0,0,0,4,9
286t,Kendrick Bourne,New England Patriots,6393e12f73e62c17f26191a7,6526d369fb66c7d02dfb8a66,WR,AFC,0,8,1,4,4,0,0.125,0.5,1,0,1,1,0,1,3,2
286t,John Metchie III,Houston Texans,6526d3775906546d2e988b65,6526d375fb66c7d02dfb8abf,WR,AFC,0,16,1,4,4,0,0.0625,0.25,0,0,0,0,0,1,3,1
286t,Van Jefferson,Los Angeles Rams,6393dea24e48fdec9c196635,6526d3adfb66c7d02dfb8b6a,WR,NFC,0,5,1,4,4,0,0.2,0.8,0,0,0,0,0,1,3,1
291t,Ashtyn Davis,New York Jets,6393deeb4e48fdec9c197d59,6526d367fb66c7d02dfb8a51,S,AFC,0,17,2,3,1.5,0,0.11764706,0.17647059,1,50,1,1,0,2,-0.5,0
291t,Jake Bobo,Seattle Seahawks,6526d3b02fa16ce9e616184c,6526d3adafc95e6021c45b89,WR,NFC,0,17,1,3,3,1,0.05882353,0.17647059,1,0,0,0,100,2,1,1
291t,Andrew Beck,Houston Texans,6393dfe54e48fdec9c19926d,6526d375fb66c7d02dfb8abf,RB,AFC,0,15,5,3,0.6,1,0.33333333,0.2,2,0,1,1,20,0.2,0.4,1
291t,Mike Williams,Los Angeles Chargers,6393e1926dadddc838246014,6526d34f83a47c56303cf112,WR,AFC,0,3,1,3,3,0,0.33333333,1,0,0,0,0,0,1,2,1
291t,Jalen Reeves-Maybin,Detroit Lions,6393e1544e48fdec9c1a0252,6526d3c7afc95e6021c45c23,LB,NFC,0,17,2,3,1.5,0,0.11764706,0.17647059,1,0,0,0,0,0,1.5,0
291t,Mecole Hardman,Kansas City Chiefs,6393dfca73e62c17f2613d08,6526d350fb66c7d02dfb8a0f,WR,AFC,0,6,1,3,3,0,0.16666667,0.5,0,0,1,1,0,0,3,3
297t,Deon Jackson,New York Giants,6393ddc773e62c17f260e7bd,6526d3c5afc95e6021c45c0e,RB,NFC,0,1,1,2,2,0,1,2,0,0,0,0,0,1,1,0
297t,Joe Flacco,Cleveland Browns,639670940e5a072d769cf45a,6526d38483a47c56303cf1ec,QB,AFC,0,5,9,2,0.22222222,0,1.8,0.4,3,11.111111,4,1,0,0.11111111,0.11111111,0
297t,Kylen Granson,Indianapolis Colts,6393ddbf73e62c17f260e26d,6526d36afb66c7d02dfb8a74,TE,AFC,0,15,1,2,2,0,0.06666667,0.13333333,1,0,0,0,0,2,0,0
297t,George Kittle,San Francisco 49ers,6393e177c7099552f747db63,6390fed843e25b1ece9e7adc,TE,NFC,0,16,1,2,2,0,0.0625,0.125,1,0,0,0,0,1,1,5
297t,Cole Kmet,Chicago Bears,6393defa6dadddc83823de63,6526d3c7afc95e6021c45c28,TE,NFC,0,17,3,2,0.66666667,0,0.17647059,0.11764706,2,0,1,0,0,0,0.66666667,4
297t,Ezekiel Turner,Arizona Cardinals,6393e10973e62c17f26185b4,6526d3a0fb66c7d02dfb8b24,LB,NFC,0,16,1,2,2,0,0.0625,0.125,1,0,0,0,0,0,2,0
297t,James Robinson,Green Bay Packers,6393df066dadddc83823e29d,6526d3c9afc95e6021c45c48,RB,NFC,0,1,1,2,2,0,1,2,0,0,0,0,0,2,0,0
297t,Logan Thomas,Washington Commanders,6396539c32e0836ab49d953d,6526d3afafc95e6021c45ba0,TE,NFC,0,16,1,2,2,0,0.0625,0.125,1,0,2,2,0,2,0,1
297t,Amani Hooker,Tennessee Titans,6393dff0c7099552f7474ce7,6526d37d83a47c56303cf1b1,DB,AFC,0,13,1,2,2,0,0.07692308,0.15384615,1,0,0,0,0,0,2,0
297t,Jordan Addison,Minnesota Vikings,6526d3cb2fa16ce9e616210c,6526d3caafc95e6021c45c58,WR,NFC,0,17,1,2,2,0,0.05882353,0.11764706,0,0,0,0,0,1,1,4
307t,Steven Sims,Houston Texans,6393dfe9c7099552f7474627,6526d375fb66c7d02dfb8abf,WR,AFC,0,3,1,1,1,0,0.33333333,0.33333333,0,0,0,0,0,1,0,0
307t,Case Keenum,Houston Texans,63965465ed3d6c80d4f520fb,6526d375fb66c7d02dfb8abf,QB,AFC,0,2,2,1,0.5,0,1,0.5,0,50,1,0,0,0.5,0,0
307t,Evan Hull,Indianapolis Colts,6526d36c5906546d2e988730,6526d36afb66c7d02dfb8a74,RB,AFC,0,1,1,1,1,0,1,1,0,0,0,0,0,0,1,0
307t,Noah Gray,Kansas City Chiefs,6393ddc773e62c17f260e7a9,6526d350fb66c7d02dfb8a0f,TE,AFC,0,17,1,1,1,0,0.05882353,0.05882353,0,0,0,0,0,0,1,4
307t,Jashaun Corbin,New York Giants,63910550219d1455f3e006cb,6526d3c5afc95e6021c45c0e,RB,NFC,0,6,1,1,1,0,0.16666667,0.16666667,1,0,0,0,0,0,1,1
307t,Dontayvion Wicks,Green Bay Packers,6526d3cca78ccf43a2e58186,6526d3c9afc95e6021c45c48,WR,NFC,0,15,1,1,1,0,0.06666667,0.06666667,0,0,3,1,0,1,0,5
307t,Dallas Goedert,Philadelphia Eagles,6393e08d73e62c17f2614c1f,6526d3b5fb66c7d02dfb8b90,TE,NFC,0,14,1,1,1,0,0.07142857,0.07142857,0,0,0,0,0,1,0,2
314t,Zach Pascal,Arizona Cardinals,6393e16ac7099552f747d4fa,6526d3a0fb66c7d02dfb8b24,WR,NFC,0,14,0,0,0,0,0,0,0,0,0,0,0,0,0,1
314t,Evan Engram,Jacksonville Jaguars,6393e15a6dadddc83824462c,6526d36cfb66c7d02dfb8a82,TE,AFC,0,17,0,0,0,0,0,0,0,0,3,2,0,0,0,5
314t,Jaylon Johnson,Chicago Bears,6393deea4e48fdec9c197cab,6526d3c7afc95e6021c45c28,DB,NFC,0,14,0,0,0,0,0,0,0,0,1,0,0,0,0,0
314t,Tyler Conklin,New York Jets,6393e10b73e62c17f26188c6,6526d367fb66c7d02dfb8a51,TE,AFC,0,17,1,0,0,0,0.05882353,0,0,0,0,0,0,0,0,2
314t,Camaron Cheeseman,Washington Commanders,6393e0e973e62c17f2617676,6526d3afafc95e6021c45ba0,LS,NFC,0,14,0,0,0,0,0,0,0,0,1,0,0,0,0,0
314t,Austin Trammell,Los Angeles Rams,6393dd9d73e62c17f260c521,6526d3adfb66c7d02dfb8b6a,WR,NFC,0,16,0,0,0,0,0,0,0,0,3,1,0,0,0,0
314t,Zack Baun,New Orleans Saints,6393dec373e62c17f26109fa,6526d39983a47c56303cf2a0,LB,NFC,0,17,0,0,0,0,0,0,0,0,1,1,0,0,0,0
314t,Montrell Washington,Kansas City Chiefs,63910598219d1455f3e0261a,6526d350fb66c7d02dfb8a0f,WR,AFC,0,6,0,0,0,0,0,0,0,0,2,0,0,0,0,0
314t,Odell Beckham Jr.,Baltimore Ravens,63965365215be9feb8967fd5,6526d38583a47c56303cf1fa,WR,AFC,0,14,0,0,0,0,0,0,0,0,1,1,0,0,0,0
314t,Stone Smartt,Los Angeles Chargers,6391052663b0801348bac6a1,6526d34f83a47c56303cf112,TE,AFC,0,16,0,0,0,0,0,0,0,0,0,0,0,0,0,1
314t,Kenyan Drake,Baltimore Ravens,6396389974bd36db118b3c67,6526d38583a47c56303cf1fa,RB,AFC,0,2,1,0,0,0,0.5,0,0,0,1,1,0,0,0,1
314t,Romeo Doubs,Green Bay Packers,6391051763b0801348bac116,6526d3c9afc95e6021c45c48,WR,NFC,0,17,0,0,0,0,0,0,0,0,1,0,0,0,0,1
314t,Pat Freiermuth,Pittsburgh Steelers,6393ddb1ffee7578cffb1f00,6526d38b83a47c56303cf21b,TE,AFC,0,12,0,0,0,0,0,0,0,0,0,0,0,0,0,2
314t,KhaDarel Hodge,Atlanta Falcons,6393e0a1c7099552f7479883,6526d39683a47c56303cf27d,WR,NFC,0,17,1,0,0,0,0.05882353,0,0,100,1,0,0,0,0,1
314t,Kenyan Drake,Green Bay Packers,6396389974bd36db118b3c67,6526d3c9afc95e6021c45c48,RB,NFC,0,1,1,0,0,0,1,0,0,0,0,0,0,0,0,0
314t,Jason Brownlee,New York Jets,6526d36a5906546d2e9886fc,6526d367fb66c7d02dfb8a51,WR,AFC,0,7,0,0,0,0,0,0,0,0,0,0,0,0,0,1
314t,Jerry Jeudy,Denver Broncos,6393dea4ffee7578cffb43aa,6526d34ffb66c7d02dfb8a0a,WR,AFC,0,16,0,0,0,0,0,0,0,0,1,0,0,0,0,4
314t,Peyton Hendershot,Dallas Cowboys,6391053c219d1455f3dff9ee,6526d3b3fb66c7d02dfb8b7e,TE,NFC,0,8,1,0,0,0,0.125,0,0,0,0,0,0,2,-2,0
314t,Tommy Tremble,Carolina Panthers,6393ddd14e48fdec9c1952ee,6390ffe743e25b1ece9e83f5,TE,NFC,0,16,0,0,0,0,0,0,0,0,0,0,0,0,0,3
314t,Chase Claypool,Miami Dolphins,6393defa6dadddc83823dde3,6526d363fb66c7d02dfb8a40,WR,AFC,0,9,0,0,0,0,0,0,0,0,0,0,0,0,0,1
314t,Courtland Sutton,Denver Broncos,6393e0f673e62c17f2617d60,6526d34ffb66c7d02dfb8a0a,WR,AFC,0,16,0,0,0,0,0,0,0,0,3,3,0,0,0,0
314t,Jarrett Patterson,Houston Texans,6526d3775906546d2e988bdc,6526d375fb66c7d02dfb8abf,OL,AFC,0,7,0,0,0,0,0,0,0,0,1,0,0,0,0,0
314t,Juwan Johnson,New Orleans Saints,6393deef73e62c17f26118a0,6526d39983a47c56303cf2a0,TE,NFC,0,13,0,0,0,0,0,0,0,0,0,0,0,0,0,3
314t,Marquez Valdes-Scantling,Kansas City Chiefs,6393e0f973e62c17f2617ec0,6526d350fb66c7d02dfb8a0f,WR,AFC,0,16,0,0,0,0,0,0,0,0,1,1,0,0,0,1
314t,Darius Slayton,New York Giants,6393dfce6dadddc83823fbd6,6526d3c5afc95e6021c45c0e,WR,NFC,0,17,0,0,0,0,0,0,0,0,0,0,0,0,0,5
314t,Dalton Schultz,Houston Texans,6393e1094e48fdec9c19ef3a,6526d375fb66c7d02dfb8abf,TE,AFC,0,15,0,0,0,0,0,0,0,0,1,1,0,0,0,8
314t,Noah Fant,Seattle Seahawks,6393dff0c7099552f7474d04,6526d3adafc95e6021c45b89,TE,NFC,0,17,0,0,0,0,0,0,0,0,0,0,0,0,0,1
314t,Hunter Henry,New England Patriots,6396389a071a18e16babdba3,6526d369fb66c7d02dfb8a66,TE,AFC,0,14,0,0,0,0,0,0,0,0,1,0,0,0,0,1
314t,Dyami Brown,Washington Commanders,6393ddc973e62c17f260e8b4,6526d3afafc95e6021c45ba0,WR,NFC,0,17,1,0,0,0,0.05882353,0,0,0,0,0,0,0,0,1
314t,Dee Alford,Atlanta Falcons,6526d3985906546d2e989302,6526d39683a47c56303cf27d,CB,NFC,0,16,0,0,0,0,0,0,0,0,2,0,0,0,0,0
314t,Daniel Bellinger,New York Giants,639105174241d1eb7fab8af8,6526d3c5afc95e6021c45c0e,TE,NFC,0,17,0,0,0,0,0,0,0,0,0,0,0,0,0,2
314t,C.J. Uzomah,New York Jets,6396392140970877a4312898,6526d367fb66c7d02dfb8a51,TE,AFC,0,12,0,0,0,0,0,0,0,0,0,0,0,0,0,2
314t,Ty Zentner,Tennessee Titans,6526d3785906546d2e988c97,6526d37d83a47c56303cf1b1,P,AFC,0,5,1,0,0,0,0.2,0,0,100,1,0,0,0,0,0
314t,Greg Van Roten,Las Vegas Raiders,6526d3529ed9a52170f9953a,6526d34f83a47c56303cf108,G,AFC,0,17,0,0,0,0,0,0,0,0,1,1,0,0,0,0
314t,Luke Farrell,Jacksonville Jaguars,6393ddb573e62c17f260dd40,6526d36cfb66c7d02dfb8a82,TE,AFC,0,17,0,0,0,0,0,0,0,0,0,0,0,0,0,1
314t,Julian Hill,Miami Dolphins,6526d3655906546d2e9884e0,6526d363fb66c7d02dfb8a40,TE,AFC,0,15,0,0,0,0,0,0,0,0,1,1,0,0,0,0
314t,Dawson Knox,Buffalo Bills,6393dfd16dadddc83823fd14,6526d34f83a47c56303cf10d,TE,AFC,0,12,0,0,0,0,0,0,0,0,0,0,0,0,0,1
314t,Will Dissly,Seattle Seahawks,6393e10a73e62c17f261862a,6526d3adafc95e6021c45b89,TE,NFC,0,16,0,0,0,0,0,0,0,0,0,0,0,0,0,3
314t,Antonio Hamilton Sr.,Arizona Cardinals,6526d3a32fa16ce9e61613a5,6526d3a0fb66c7d02dfb8b24,CB,NFC,0,14,0,0,0,0,0,0,0,0,1,1,0,0,0,0
314t,Jordan Akins,Cleveland Browns,6393e0f8c7099552f747b7db,6526d38483a47c56303cf1ec,TE,AFC,0,17,0,0,0,0,0,0,0,0,0,0,0,0,0,3
314t,Mo Alie-Cox,Indianapolis Colts,6526d36d5906546d2e98879c,6526d36afb66c7d02dfb8a74,TE,AFC,0,17,0,0,0,0,0,0,0,0,0,0,0,0,0,1
314t,Foster Moreau,New Orleans Saints,6393dfcd4e48fdec9c198566,6526d39983a47c56303cf2a0,TE,NFC,0,15,0,0,0,0,0,0,0,0,0,0,0,0,0,1
314t,John Bates,Washington Commanders,6393dd91c7099552f7471480,6526d3afafc95e6021c45ba0,TE,NFC,0,17,0,0,0,0,0,0,0,0,0,0,0,0,0,1
314t,Michael Wilson,Arizona Cardinals,6526d3a32fa16ce9e61613d8,6526d3a0fb66c7d02dfb8b24,WR,NFC,0,13,0,0,0,0,0,0,0,0,0,0,0,0,0,3
314t,Trenton Irwin,Cincinnati Bengals,6393e017c7099552f747606d,6526d38383a47c56303cf1db,WR,AFC,0,16,0,0,0,0,0,0,0,0,2,0,0,0,0,0
314t,Alec Pierce,Indianapolis Colts,6391054863b0801348bad16a,6526d36afb66c7d02dfb8a74,WR,AFC,0,17,0,0,0,0,0,0,0,0,0,0,0,0,0,1
314t,Michael Gallup,Dallas Cowboys,6393e0cf4e48fdec9c19cdb0,6526d3b3fb66c7d02dfb8b7e,WR,NFC,0,17,0,0,0,0,0,0,0,0,0,0,0,0,0,3
314t,Parker Washington,Jacksonville Jaguars,6526d36e2fa16ce9e6160f34,6526d36cfb66c7d02dfb8a82,WR,AFC,0,9,0,0,0,0,0,0,0,0,2,1,0,0,0,1
314t,Marcus Jones,New England Patriots,6391054d219d1455f3e004ee,6526d369fb66c7d02dfb8a66,DB,AFC,0,2,0,0,0,0,0,0,0,0,1,0,0,0,0,0
314t,Dalton Kincaid,Buffalo Bills,6526d3522fa16ce9e6160761,6526d34f83a47c56303cf10d,TE,AFC,0,16,0,0,0,0,0,0,0,0,1,1,0,0,0,3
314t,Myles Bryant,New England Patriots,6393deee73e62c17f2611793,6526d369fb66c7d02dfb8a66,DB,AFC,0,17,0,0,0,0,0,0,0,0,1,0,0,0,0,0
314t,Luke Fortner,Jacksonville Jaguars,63910507219d1455f3dfe63c,6526d36cfb66c7d02dfb8a82,OL,AFC,0,17,0,0,0,0,0,0,0,0,2,0,0,0,0,0
314t,Connor Heyward,Pittsburgh Steelers,6391053b4241d1eb7fab95e9,6526d38b83a47c56303cf21b,TE,AFC,0,17,1,0,0,0,0.05882353,0,0,0,0,0,0,0,0,1
314t,Drew Sample,Cincinnati Bengals,6393e015c7099552f7475eca,6526d38383a47c56303cf1db,TE,AFC,0,17,0,0,0,0,0,0,0,0,0,0,0,0,0,1
314t,Jalen Guyton,Los Angeles Chargers,6393dfdcc7099552f7473ea0,6526d34f83a47c56303cf112,WR,AFC,0,8,0,0,0,0,0,0,0,0,0,0,0,0,0,1
314t,Jahlani Tavai,New England Patriots,6393dfdb4e48fdec9c198b7c,6526d369fb66c7d02dfb8a66,LB,AFC,0,17,0,0,0,0,0,0,0,0,1,0,0,0,0,0
314t,Richie James,Kansas City Chiefs,6393e0dac7099552f747b58d,6526d350fb66c7d02dfb8a0f,WR,AFC,0,9,0,0,0,0,0,0,0,0,2,1,0,0,0,1
314t,Britain Covey,Philadelphia Eagles,6391055e219d1455f3e00c57,6526d3b5fb66c7d02dfb8b90,WR,NFC,0,16,0,0,0,0,0,0,0,0,2,0,0,0,0,1
314t,Pharaoh Brown,New England Patriots,6393e1a1c7099552f747e6b8,6526d369fb66c7d02dfb8a66,TE,AFC,0,17,0,0,0,0,0,0,0,0,1,1,0,0,0,2
314t,Isaiah Hodgins,New York Giants,6393deec6dadddc83823d8c9,6526d3c5afc95e6021c45c0e,WR,NFC,0,17,0,0,0,0,0,0,0,0,1,1,0,0,0,1
314t,Michael Pittman Jr.,Indianapolis Colts,6393dee8ffee7578cffb577d,6526d36afb66c7d02dfb8a74,WR,AFC,0,16,0,0,0,0,0,0,0,0,2,1,0,0,0,3
314t,Teagan Quitoriano,Houston Texans,6391056063b0801348badd5d,6526d375fb66c7d02dfb8abf,TE,AFC,0,7,0,0,0,0,0,0,0,0,0,0,0,0,0,1
314t,A.J. Brown,Philadelphia Eagles,6393dfd16dadddc83823fcce,6526d3b5fb66c7d02dfb8b90,WR,NFC,0,17,0,0,0,0,0,0,0,0,2,2,0,0,0,12
314t,Davante Adams,Las Vegas Raiders,6396537057b9fbc69ebba74b,6526d34f83a47c56303cf108,WR,AFC,0,17,0,0,0,0,0,0,0,0,0,0,0,0,0,2
314t,Chris Glaser,New York Jets,6391055a63b0801348bada8f,6526d367fb66c7d02dfb8a51,OL,AFC,0,5,0,0,0,0,0,0,0,0,1,0,0,0,0,0
314t,Will Mallory,Indianapolis Colts,6526d36d5906546d2e988768,6526d36afb66c7d02dfb8a74,TE,AFC,0,12,0,0,0,0,0,0,0,0,1,0,0,0,0,0
314t,K.J. Osborn,Minnesota Vikings,6393dee56dadddc83823d697,6526d3caafc95e6021c45c58,WR,NFC,0,16,0,0,0,0,0,0,0,0,1,0,0,0,0,1
314t,Colby Parkinson,Seattle Seahawks,6393deefffee7578cffb5a0a,6526d3adafc95e6021c45b89,TE,NFC,0,17,0,0,0,0,0,0,0,0,0,0,0,0,0,1
314t,Brycen Hopkins,Los Angeles Rams,6393dec36dadddc83823c820,6526d3adfb66c7d02dfb8b6a,TE,NFC,0,15,0,0,0,0,0,0,0,0,0,0,0,0,0,1
314t,Mike Evans,Tampa Bay Buccaneers,639111e702748ed0f7ed135d,6526d38e83a47c56303cf241,WR,NFC,0,17,0,0,0,0,0,0,0,0,0,0,0,0,0,2
314t,Terry McLaurin,Washington Commanders,6393dff46dadddc83823ffa6,6526d3afafc95e6021c45ba0,WR,NFC,0,17,0,0,0,0,0,0,0,0,0,0,0,0,0,4
314t,Hjalte Froholdt,Arizona Cardinals,6393dfd1c7099552f7473748,6526d3a0fb66c7d02dfb8b24,OL,NFC,0,17,0,0,0,0,0,0,0,0,1,0,0,0,0,0
314t,Marvin Jones Jr.,Detroit Lions,63965492ed3d6c80d4f53274,6526d3c7afc95e6021c45c23,WR,NFC,0,6,0,0,0,0,0,0,0,0,1,1,0,0,0,0
314t,Desmond King,Houston Texans,6393e177c7099552f747db6b,6526d375fb66c7d02dfb8abf,CB,AFC,0,7,0,0,0,0,0,0,0,0,1,0,0,0,0,0
314t,Travis Kelce,Kansas City Chiefs,6396541d215be9feb896a8d9,6526d350fb66c7d02dfb8a0f,TE,AFC,0,15,0,0,0,0,0,0,0,0,1,1,0,0,0,4
314t,Trent Sherfield,Buffalo Bills,6393e0c773e62c17f2616511,6526d34f83a47c56303cf10d,WR,AFC,0,17,0,0,0,0,0,0,0,0,0,0,0,0,0,2
314t,Dylan Parham,Las Vegas Raiders,63910549219d1455f3e00133,6526d34f83a47c56303cf108,G,AFC,0,17,0,0,0,0,0,0,0,0,1,0,0,0,0,0
314t,Chris Olave,New Orleans Saints,6391053b219d1455f3dff8fb,6526d39983a47c56303cf2a0,WR,NFC,0,16,0,0,0,0,0,0,0,0,0,0,0,0,0,3
314t,Brandon Johnson,Denver Broncos,6391054763b0801348bad021,6526d34ffb66c7d02dfb8a0a,WR,AFC,0,13,0,0,0,0,0,0,0,0,0,0,0,0,0,2
314t,Isaiah Likely,Baltimore Ravens,6391054063b0801348bacbaf,6526d38583a47c56303cf1fa,TE,AFC,0,17,0,0,0,0,0,0,0,0,0,0,0,0,0,6
314t,Alec Ingold,Miami Dolphins,6393dfedc7099552f7474a2d,6526d363fb66c7d02dfb8a40,RB,AFC,0,17,2,0,0,0,0.11764706,0,0,0,0,0,0,0,0,0
314t,Mason Cole,Pittsburgh Steelers,6393e0e973e62c17f2617695,6526d38b83a47c56303cf21b,C,AFC,0,17,0,0,0,0,0,0,0,0,1,0,0,0,0,0
314t,Cade Otton,Tampa Bay Buccaneers,63910561219d1455f3e00fcd,6526d38e83a47c56303cf241,TE,NFC,0,17,0,0,0,0,0,0,0,0,1,1,0,0,0,4
314t,Jabrill Peppers,New England Patriots,6393e17a73e62c17f261a616,6526d369fb66c7d02dfb8a66,DB,AFC,0,15,0,0,0,0,0,0,0,0,1,0,0,0,0,0
314t,Johnny Mundt,Minnesota Vikings,6393e1a1c7099552f747e6b4,6526d3caafc95e6021c45c58,TE,NFC,0,17,0,0,0,0,0,0,0,0,0,0,0,0,0,1
314t,Kevon Seymour,Baltimore Ravens,639638d58850e971e42c26a1,6526d38583a47c56303cf1fa,CB,AFC,0,8,0,0,0,0,0,0,0,0,1,0,0,0,0,0
314t,Diontae Johnson,Pittsburgh Steelers,6393e01a4e48fdec9c19a465,6526d38b83a47c56303cf21b,WR,AFC,0,13,0,0,0,0,0,0,0,0,1,0,0,0,0,4
314t,Luke Schoonmaker,Dallas Cowboys,6526d3b52fa16ce9e616191a,6526d3b3fb66c7d02dfb8b7e,TE,NFC,0,17,0,0,0,0,0,0,0,0,0,0,0,0,0,1
314t,Bobby McCain,New York Giants,6396394a40970877a4314345,6526d3c5afc95e6021c45c0e,S,NFC,0,10,0,0,0,0,0,0,0,0,1,1,0,0,0,0
314t,Ronnie Bell,San Francisco 49ers,6526d3a15906546d2e989a1f,6390fed843e25b1ece9e7adc,WR,NFC,0,17,0,0,0,0,0,0,0,0,1,0,0,0,0,0
314t,Amari Cooper,Cleveland Browns,6396392140970877a4312951,6526d38483a47c56303cf1ec,WR,AFC,0,15,0,0,0,0,0,0,0,0,2,1,0,0,0,2
314t,Michael Mayer,Las Vegas Raiders,6526d3529ed9a52170f994ea,6526d34f83a47c56303cf108,TE,AFC,0,14,0,0,0,0,0,0,0,0,0,0,0,0,0,3
314t,Hayden Hurst,Carolina Panthers,6393e0c6c7099552f747aa3a,6390ffe743e25b1ece9e83f5,TE,NFC,0,9,0,0,0,0,0,0,0,0,0,0,0,0,0,1
314t,MyCole Pruitt,Atlanta Falcons,6396391a8850e971e42c35f4,6526d39683a47c56303cf27d,TE,NFC,0,17,0,0,0,0,0,0,0,0,1,0,0,0,0,1
314t,Brevin Jordan,Houston Texans,6393ddcd73e62c17f260ea9b,6526d375fb66c7d02dfb8abf,TE,AFC,0,14,0,0,0,0,0,0,0,0,0,0,0,0,0,1
314t,Tanner Hudson,Cincinnati Bengals,6526d385a78ccf43a2e576d8,6526d38383a47c56303cf1db,TE,AFC,0,12,0,0,0,0,0,0,0,0,0,0,0,0,0,2
314t,Jake Ferguson,Dallas Cowboys,639105334241d1eb7fab904b,6526d3b3fb66c7d02dfb8b7e,TE,NFC,0,17,0,0,0,0,0,0,0,0,0,0,0,0,0,6
314t,DJ Chark Jr.,Carolina Panthers,6393e0cac7099552f747ab2a,6390ffe743e25b1ece9e83f5,WR,NFC,0,15,0,0,0,0,0,0,0,0,2,1,0,0,0,1
314t,Ian Thomas,Carolina Panthers,6393e0eb73e62c17f2617823,6390ffe743e25b1ece9e83f5,TE,NFC,0,12,0,0,0,0,0,0,0,0,0,0,0,0,0,1
314t,Josh Whyle,Tennessee Titans,6526d37ea78ccf43a2e572e3,6526d37d83a47c56303cf1b1,TE,AFC,0,11,0,0,0,0,0,0,0,0,0,0,0,0,0,1
314t,Gunner Olszewski,New York Giants,6526d38d14f02fc45f54174d,6526d3c5afc95e6021c45c0e,WR,NFC,0,10,0,0,0,0,0,0,0,0,2,0,0,0,0,0
314t,Gunner Olszewski,Pittsburgh Steelers,6526d38d14f02fc45f54174d,6526d38b83a47c56303cf21b,WR,AFC,0,2,0,0,0,0,0,0,0,0,2,2,0,0,0,0
314t,Joe Cardona,New England Patriots,6396495e1c419c27c625dcbb,6526d369fb66c7d02dfb8a66,LS,AFC,0,17,0,0,0,0,0,0,0,0,1,0,0,0,0,0
314t,Donovan Peoples-Jones,Cleveland Browns,6393deca6dadddc83823cb0a,6526d38483a47c56303cf1ec,WR,AFC,0,7,0,0,0,0,0,0,0,0,1,0,0,0,0,0
314t,Tyler Higbee,Los Angeles Rams,639638ab071a18e16babe705,6526d3adfb66c7d02dfb8b6a,TE,NFC,0,15,0,0,0,0,0,0,0,0,0,0,0,0,0,2
314t,Garrett Wilson,New York Jets,6391053c219d1455f3dff92a,6526d367fb66c7d02dfb8a51,WR,AFC,0,17,4,0,0,0,0.23529412,0,1,50,2,2,0,1,-1,9
314t,Jauan Jennings,San Francisco 49ers,6393de9f6dadddc83823c36e,6390fed843e25b1ece9e7adc,WR,NFC,0,13,0,0,0,0,0,0,0,0,0,0,0,0,0,2
314t,Josh Downs,Indianapolis Colts,6526d36d5906546d2e98882c,6526d36afb66c7d02dfb8a74,WR,AFC,0,17,0,0,0,0,0,0,0,0,0,0,0,0,0,2
314t,Tevaughn Campbell,Jacksonville Jaguars,6526d36e2fa16ce9e6160eb8,6526d36cfb66c7d02dfb8a82,CB,AFC,0,2,0,0,0,0,0,0,0,0,1,1,0,0,0,0
314t,Jamison Crowder,Washington Commanders,6396395140970877a43145a4,6526d3afafc95e6021c45ba0,WR,NFC,0,17,0,0,0,0,0,0,0,0,2,1,0,0,0,2
314t,Robert Tonyan,Chicago Bears,6393e14273e62c17f26197e3,6526d3c7afc95e6021c45c28,TE,NFC,0,17,0,0,0,0,0,0,0,0,0,0,0,0,0,1
314t,Nick Westbrook-Ikhine,Tennessee Titans,6393decb73e62c17f2610bbe,6526d37d83a47c56303cf1b1,WR,AFC,0,14,0,0,0,0,0,0,0,0,0,0,0,0,0,1
314t,Mark Andrews,Baltimore Ravens,6393e0e44e48fdec9c19d82e,6526d38583a47c56303cf1fa,TE,AFC,0,10,1,0,0,0,0.1,0,0,0,1,0,0,0,0,4
314t,Blake Bell,Kansas City Chiefs,6396393840970877a43138dd,6526d350fb66c7d02dfb8a0f,TE,AFC,0,17,0,0,0,0,0,0,0,0,1,1,0,0,0,0
314t,John Michael Schmitz Jr.,New York Giants,6526d3c62fa16ce9e6161e34,6526d3c5afc95e6021c45c0e,C,NFC,0,13,0,0,0,0,0,0,0,0,1,0,0,0,0,0
314t,Ryan Neuzil,Atlanta Falcons,6393ddb9ffee7578cffb25f9,6526d39683a47c56303cf27d,OL,NFC,0,17,0,0,0,0,0,0,0,0,1,0,0,0,0,0
314t,Tucker Kraft,Green Bay Packers,6526d3cba78ccf43a2e580c2,6526d3c9afc95e6021c45c48,TE,NFC,0,17,0,0,0,0,0,0,0,0,0,0,0,0,0,4
314t,Adam Trautman,Denver Broncos,6526d35114f02fc45f540ef2,6526d34ffb66c7d02dfb8a0a,TE,AFC,0,17,0,0,0,0,0,0,0,0,0,0,0,0,0,2
314t,Trey McBride,Arizona Cardinals,63910513219d1455f3dfe782,6526d3a0fb66c7d02dfb8b24,TE,NFC,0,17,0,0,0,0,0,0,0,0,1,0,0,0,0,10
314t,Eric Garror,Tennessee Titans,6526d37fa78ccf43a2e5734f,6526d37d83a47c56303cf1b1,DB,AFC,0,12,0,0,0,0,0,0,0,0,2,2,0,0,0,0
314t,Kenny Yeboah,New York Jets,6393dd914e48fdec9c1939ab,6526d367fb66c7d02dfb8a51,TE,AFC,0,5,0,0,0,0,0,0,0,0,0,0,0,0,0,1
314t,Michael Thomas,New Orleans Saints,639638ba40970877a4310d5b,6526d39983a47c56303cf2a0,WR,NFC,0,10,0,0,0,0,0,0,0,0,0,0,0,0,0,2
314t,Jalen Tolbert,Dallas Cowboys,63910545219d1455f3dffe7d,6526d3b3fb66c7d02dfb8b7e,WR,NFC,0,17,0,0,0,0,0,0,0,0,1,1,0,0,0,1
314t,Julian Blackmon,Indianapolis Colts,6393deea4e48fdec9c197c66,6526d36afb66c7d02dfb8a74,S,AFC,0,15,0,0,0,0,0,0,0,0,1,1,0,0,0,0
314t,Allen Lazard,New York Jets,6393e0e373e62c17f26171f7,6526d367fb66c7d02dfb8a51,WR,AFC,0,14,0,0,0,0,0,0,0,0,0,0,0,0,0,1
314t,Hunter Renfrow,Las Vegas Raiders,6393e00bc7099552f74757ee,6526d34f83a47c56303cf108,WR,AFC,0,17,0,0,0,0,0,0,0,0,1,1,0,0,0,2
314t,Byron Murphy Jr.,Minnesota Vikings,6393e015c7099552f7475ef0,6526d3caafc95e6021c45c58,CB,NFC,0,14,0,0,0,0,0,0,0,0,1,0,0,0,0,0
314t,Deonte Harty,Buffalo Bills,6526d3522fa16ce9e616073d,6526d34f83a47c56303cf10d,WR,AFC,0,16,4,0,0,0,0.25,0,0,50,2,1,0,0.25,-0.25,1
314t,DK Metcalf,Seattle Seahawks,6393dfd16dadddc83823fd1c,6526d3adafc95e6021c45b89,WR,NFC,0,16,0,0,0,0,0,0,0,0,0,0,0,0,0,7
314t,James Proche,Cleveland Browns,6393ded773e62c17f26113ef,6526d38483a47c56303cf1ec,WR,AFC,0,10,0,0,0,0,0,0,0,0,1,1,0,0,0,0
314t,Jonathan Mingo,Carolina Panthers,6526d39a5906546d2e98943a,6390ffe743e25b1ece9e83f5,WR,NFC,0,15,0,0,0,0,0,0,0,0,1,0,0,0,0,1
314t,Jason Cabinda,Detroit Lions,6393e0e84e48fdec9c19dab0,6526d3c7afc95e6021c45c23,RB,NFC,0,4,1,0,0,0,0.25,0,0,0,0,0,0,0,0,0
314t,DeVante Parker,New England Patriots,639639518850e971e42c4459,6526d369fb66c7d02dfb8a66,WR,AFC,0,13,0,0,0,0,0,0,0,0,0,0,0,0,0,2
314t,Andre Cisco,Jacksonville Jaguars,6393ddcb4e48fdec9c194d95,6526d36cfb66c7d02dfb8a82,S,AFC,0,15,0,0,0,0,0,0,0,0,1,0,0,0,0,0
314t,Jalin Hyatt,New York Giants,6526d3c72fa16ce9e6161f32,6526d3c5afc95e6021c45c0e,WR,NFC,0,17,0,0,0,0,0,0,0,0,1,0,0,0,0,1
314t,Andrew Ogletree,Indianapolis Colts,6391058363b0801348baef03,6526d36afb66c7d02dfb8a74,TE,AFC,0,12,0,0,0,0,0,0,0,0,0,0,0,0,0,1
314t,Josh Reynolds,Detroit Lions,6393e15ac7099552f747cf03,6526d3c7afc95e6021c45c23,WR,NFC,0,17,0,0,0,0,0,0,0,0,1,1,0,0,0,2
314t,Terrace Marshall Jr.,Carolina Panthers,6393dd8d4e48fdec9c19383e,6390ffe743e25b1ece9e83f5,WR,NFC,0,9,0,0,0,0,0,0,0,0,1,0,0,0,0,0
314t,Austin Hooper,Las Vegas Raiders,639638db8850e971e42c2954,6526d34f83a47c56303cf108,TE,AFC,0,17,0,0,0,0,0,0,0,0,0,0,0,0,0,2
314t,Liam Eichenberg,Miami Dolphins,6393ddd14e48fdec9c19526e,6526d363fb66c7d02dfb8a40,OL,AFC,0,16,0,0,0,0,0,0,0,0,2,0,0,0,0,0
314t,David Wells,Tampa Bay Buccaneers,6393e0d4c7099552f747b1df,6526d38e83a47c56303cf241,TE,NFC,0,5,0,0,0,0,0,0,0,0,1,0,0,0,0,1
314t,Jake Camarda,Tampa Bay Buccaneers,63910517219d1455f3dfe84f,6526d38e83a47c56303cf241,P,NFC,0,17,0,0,0,0,0,0,0,0,1,0,0,0,0,0
314t,Nick McCloud,New York Giants,6393ddd14e48fdec9c195266,6526d3c5afc95e6021c45c0e,CB,NFC,0,17,0,0,0,0,0,0,0,0,1,0,0,0,0,0
314t,Brandon Aiyuk,San Francisco 49ers,6393dee94e48fdec9c197be9,6390fed843e25b1ece9e7adc,WR,NFC,0,16,0,0,0,0,0,0,0,0,1,1,0,0,0,2
314t,Emmanuel Forbes Jr.,Washington Commanders,6526d3b014f02fc45f5426c4,6526d3afafc95e6021c45ba0,CB,NFC,0,14,0,0,0,0,0,0,0,0,1,0,0,0,0,0
314t,Jack Stoll,Philadelphia Eagles,6393ddac73e62c17f260d683,6526d3b5fb66c7d02dfb8b90,TE,NFC,0,17,0,0,0,0,0,0,0,0,0,0,0,0,0,1
314t,Grant Calcaterra,Philadelphia Eagles,63910547219d1455f3dfff66,6526d3b5fb66c7d02dfb8b90,TE,NFC,0,15,0,0,0,0,0,0,0,0,0,0,0,0,0,1
314t,Justin Watson,Kansas City Chiefs,6526d3525906546d2e987ebe,6526d350fb66c7d02dfb8a0f,WR,AFC,0,16,0,0,0,0,0,0,0,0,1,1,0,0,0,0
314t,Nelson Agholor,Baltimore Ravens,63963956071a18e16bac0c65,6526d38583a47c56303cf1fa,WR,AFC,0,17,0,0,0,0,0,0,0,0,1,0,0,0,0,2
314t,Jonnu Smith,Atlanta Falcons,6393e1696dadddc838244df3,6526d39683a47c56303cf27d,TE,NFC,0,17,1,0,0,0,0.05882353,0,0,0,1,1,0,0,0,6
314t,Tress Way,Washington Commanders,639653f8215be9feb896955a,6526d3afafc95e6021c45ba0,P,NFC,0,17,1,0,0,0,0.05882353,0,0,0,0,0,0,0,0,0
314t,Parris Campbell,New York Giants,6393dff46dadddc83823ff7e,6526d3c5afc95e6021c45c0e,WR,NFC,0,12,0,0,0,0,0,0,0,0,0,0,0,0,0,1
314t,Creed Humphrey,Kansas City Chiefs,6393ddac4e48fdec9c193efe,6526d350fb66c7d02dfb8a0f,C,AFC,0,17,0,0,0,0,0,0,0,0,2,0,0,0,0,0
314t,Jaxon Smith-Njigba,Seattle Seahawks,6526d3b02fa16ce9e616182c,6526d3adafc95e6021c45b89,WR,NFC,0,17,0,0,0,0,0,0,0,0,0,0,0,0,0,3
314t,Tyler Linderbaum,Baltimore Ravens,6391111d02748ed0f7ecf102,6526d38583a47c56303cf1fa,C,AFC,0,15,0,0,0,0,0,0,0,0,1,0,0,0,0,0
314t,Rakim Jarrett,Tampa Bay Buccaneers,6526d39014f02fc45f5419aa,6526d38e83a47c56303cf241,WR,NFC,0,10,1,0,0,0,0.1,0,0,0,0,0,0,0,0,0
314t,Byron Pringle,Washington Commanders,6393e0e14e48fdec9c19d54c,6526d3afafc95e6021c45ba0,WR,NFC,0,17,0,0,0,0,0,0,0,0,1,1,0,0,0,0
314t,Kyle Philips,Tennessee Titans,6391055b63b0801348badb85,6526d37d83a47c56303cf1b1,WR,AFC,0,9,0,0,0,0,0,0,0,0,1,1,0,0,0,1
314t,Lucas Patrick,Chicago Bears,639638cf8850e971e42c236a,6526d3c7afc95e6021c45c28,OL,NFC,0,16,0,0,0,0,0,0,0,0,1,0,0,0,0,0
314t,T.J. Hockenson,Minnesota Vikings,6393dff0c7099552f7474d00,6526d3caafc95e6021c45c58,TE,NFC,0,15,0,0,0,0,0,0,0,0,1,1,0,0,0,4
314t,Tyler Lockett,Seattle Seahawks,6396393574bd36db118b5233,6526d3adafc95e6021c45b89,WR,NFC,0,17,0,0,0,0,0,0,0,0,0,0,0,0,0,1
314t,Donald Parham Jr.,Los Angeles Chargers,6526d351a78ccf43a2e56854,6526d34f83a47c56303cf112,TE,AFC,0,14,0,0,0,0,0,0,0,0,0,0,0,0,0,1
314t,Drake London,Atlanta Falcons,6391055963b0801348bad9e2,6526d39683a47c56303cf27d,WR,NFC,0,16,0,0,0,0,0,0,0,0,0,0,0,0,0,2
314t,Irv Smith Jr.,Cincinnati Bengals,6393dfcd6dadddc83823fb1b,6526d38383a47c56303cf1db,TE,AFC,0,12,0,0,0,0,0,0,0,0,1,1,0,0,0,0
314t,Robert Hainsey,Tampa Bay Buccaneers,6393ddd14e48fdec9c19528d,6526d38e83a47c56303cf241,C,NFC,0,17,0,0,0,0,0,0,0,0,1,0,0,0,0,0
314t,Grant Delpit,Cleveland Browns,6393dea273e62c17f260fab3,6526d38483a47c56303cf1ec,S,AFC,0,13,0,0,0,0,0,0,0,0,1,0,0,0,0,0
314t,DeVonta Smith,Philadelphia Eagles,6393dd8d4e48fdec9c19396e,6526d3b5fb66c7d02dfb8b90,WR,NFC,0,16,0,0,0,0,0,0,0,0,1,1,0,0,0,4
314t,Nick Niemann,Los Angeles Chargers,6393ddaf73e62c17f260da9a,6526d34f83a47c56303cf112,LB,AFC,0,17,1,0,0,0,0.05882353,0,0,100,1,0,0,0,0,0
314t,Darnell Washington,Pittsburgh Steelers,6526d38c14f02fc45f5416fd,6526d38b83a47c56303cf21b,TE,AFC,0,17,0,0,0,0,0,0,0,0,0,0,0,0,0,1
314t,Sam Mustipher,Baltimore Ravens,6393e0214e48fdec9c19a8f8,6526d38583a47c56303cf1fa,C,AFC,0,9,0,0,0,0,0,0,0,0,1,0,0,0,0,0
314t,Frank Ragnow,Detroit Lions,6393e0ce6dadddc8382444f1,6526d3c7afc95e6021c45c23,C,NFC,0,15,0,0,0,0,0,0,0,0,1,0,0,0,0,0
314t,Malik Heath,Green Bay Packers,6526d3cba78ccf43a2e58142,6526d3c9afc95e6021c45c48,WR,NFC,0,13,0,0,0,0,0,0,0,0,0,0,0,0,0,1
314t,David Bell,Cleveland Browns,639105344241d1eb7fab918f,6526d38483a47c56303cf1ec,WR,AFC,0,15,0,0,0,0,0,0,0,0,0,0,0,0,0,1
314t,Samori Toure,Green Bay Packers,639105324241d1eb7fab8f49,6526d3c9afc95e6021c45c48,WR,NFC,0,11,0,0,0,0,0,0,0,0,1,1,0,0,0,0
314t,David Njoku,Cleveland Browns,639112d9f707c62a508c5441,6526d38483a47c56303cf1ec,TE,AFC,0,16,0,0,0,0,0,0,0,0,2,2,0,0,0,10
314t,Josh Oliver,Minnesota Vikings,6393dfd74e48fdec9c198820,6526d3caafc95e6021c45c58,TE,NFC,0,17,0,0,0,0,0,0,0,0,1,1,0,0,0,1
490t,Kyle Trask,Tampa Bay Buccaneers,6393dd8bc7099552f7470e9f,6526d38e83a47c56303cf241,QB,NFC,0,2,1,-1,-1,0,0.5,-0.5,0,0,0,0,0,0,-1,0
490t,Noah Brown,Houston Texans,6393e17bc7099552f747dd11,6526d375fb66c7d02dfb8abf,WR,AFC,0,10,1,-1,-1,0,0.1,-0.1,0,100,0,0,0,0,-1,2
492t,Teddy Bridgewater,Detroit Lions,639653b232e0836ab49d9c01,6526d3c7afc95e6021c45c23,QB,NFC,0,1,2,-2,-1,0,2,-2,0,0,0,0,0,0,-1,0
492t,Jamal Agnew,Jacksonville Jaguars,6396388e8850e971e42c151c,6526d36cfb66c7d02dfb8a82,WR,AFC,0,11,4,-2,-0.5,0,0.36363636,-0.18181818,0,50,1,1,0,0,-0.5,0
492t,Jonathan Williams,Washington Commanders,6396389a071a18e16babdbab,6526d3afafc95e6021c45ba0,RB,NFC,0,1,1,-2,-2,0,1,-2,0,100,0,0,0,0,-2,0
492t,Trent Taylor,Chicago Bears,6393e164c7099552f747d270,6526d3c7afc95e6021c45c28,WR,NFC,0,17,1,-2,-2,0,0.05882353,-0.11764706,0,100,2,1,0,0,-2,0
492t,Sean Clifford,Green Bay Packers,6526d3cba78ccf43a2e580b6,6526d3c9afc95e6021c45c48,QB,NFC,0,2,3,-2,-0.66666667,0,1.5,-1,0,33.333333,1,0,0,0,-0.66666667,0
492t,Gabe Davis,Buffalo Bills,6393dedb73e62c17f261161f,6526d34f83a47c56303cf10d,WR,AFC,0,17,1,-2,-2,0,0.05882353,-0.11764706,0,100,1,1,0,0,-2,2
498t,Brian Hoyer,Las Vegas Raiders,63966f1614872bc0d9fb9819,6526d34f83a47c56303cf108,QB,AFC,0,3,3,-3,-1,0,1,-1,0,0,0,0,0,0,-1,0
498t,Matt Barkley,Jacksonville Jaguars,6396540b926e4df2104a826b,6526d36cfb66c7d02dfb8a82,QB,AFC,0,1,3,-3,-1,0,3,-3,0,0,0,0,0,0,-1,0
498t,Rashee Rice,Kansas City Chiefs,6526d3525906546d2e987ed2,6526d350fb66c7d02dfb8a0f,WR,AFC,0,16,1,-3,-3,0,0.0625,-0.1875,0,100,2,1,0,0,-3,3
498t,Cooper Kupp,Los Angeles Rams,6393e12f73e62c17f261919f,6526d3adfb66c7d02dfb8b6a,WR,NFC,0,12,1,-3,-3,0,0.08333333,-0.25,0,100,0,0,0,0,-3,5
502t,Nathan Peterman,Chicago Bears,6393e19ac7099552f747e535,6526d3c7afc95e6021c45c28,QB,NFC,0,2,2,-4,-2,0,1,-2,0,0,1,0,0,0,-2,0
502t,Kyle Pitts,Atlanta Falcons,6393dd8bc7099552f7470f0d,6526d39683a47c56303cf27d,TE,NFC,0,17,1,-4,-4,0,0.05882353,-0.23529412,0,100,0,0,0,0,-4,0
504,Cooper Rush,Dallas Cowboys,6393e1a56dadddc838246627,6526d3b3fb66c7d02dfb8b7e,QB,NFC,0,7,12,-5,-0.41666667,0,1.71428571,-0.71428571,1,0,0,0,0,0.25,-0.66666667,0
505t,Jameis Winston,New Orleans Saints,6396394e74bd36db118b6092,6526d39983a47c56303cf2a0,QB,NFC,0,7,5,-6,-1.2,0,0.71428571,-0.85714286,0,0,0,0,0,0,-1.2,0
505t,Ja'Marr Chase,Cincinnati Bengals,6393dea273e62c17f260fb07,6526d38383a47c56303cf1db,WR,AFC,0,16,3,-6,-2,0,0.1875,-0.375,0,33.333333,1,0,0,0.66666667,-2.66666667,6
507,Mike White,Miami Dolphins,6393e0dc73e62c17f2616c41,6526d363fb66c7d02dfb8a40,QB,AFC,0,6,8,-9,-1.125,0,1.33333333,-1.5,0,12.5,1,1,0,0,-1.125,0
508t,Johnny Hekker,Carolina Panthers,63965492926e4df2104a9b96,6390ffe743e25b1ece9e83f5,P,NFC,0,17,1,-11,-11,0,0.05882353,-0.64705882,0,100,1,1,0,0,-11,0
508t,Ryan Stonehouse,Tennessee Titans,63910513219d1455f3dfe758,6526d37d83a47c56303cf1b1,P,AFC,0,12,1,-11,-11,0,0.08333333,-0.91666667,0,100,1,1,0,0,-11,0
510,Justin Jefferson,Minnesota Vikings,6393dea373e62c17f260fb4c,6526d3caafc95e6021c45c58,WR,NFC,0,10,1,-12,-12,0,0.1,-1.2,0,100,1,1,0,0,-12,2
511,Kyle Allen,Buffalo Bills,6393e0f7c7099552f747b6a9,6526d34f83a47c56303cf10d,QB,AFC,0,7,13,-13,-1,0,1.85714286,-1.85714286,0,0,0,0,0,0,-1,0
512,Cameron Johnston,Houston Texans,6393e17bc7099552f747dd15,6526d375fb66c7d02dfb8abf,P,AFC,0,13,1,-23,-23,0,0.07692308,-1.76923077,0,100,0,0,0,0,-23,0
