Rank,Player Name,Player ID,Games Played,Total Tackles,Assists,Defensive sacks,Defensive Sack Yards,Fumbles Forced,Passes Defensed,Def. Interceptions,Def. Inceptions Touchdowns,Tackles for Loss,Defender Blitz,Quarterback Hits,Defensive Knockdowns,Defensive Hurries,Player Individual Pressures,Defensive Snaps (player totals)
1,Bobby Wagner,6396549532e0836ab49dbc1b,17,183,87,3.5,24,0,61,3,0,0,0,11,44,6,2,1,7,1168
2,Zaire Franklin,6393e0fdc7099552f747ba41,16,179,72,1.5,7.5,2,84,6,0,0,0,3,23,3,1,0,3,1089
3,Alex Singleton,6396390074bd36db118b419f,17,175,71,2,21,0,85,4,0,0,0,6,52,6,3,1,6,1086
4,Foyesade Oluokun,6526d36d2fa16ce9e6160e58,17,173,62,2.5,13,1,82,6,1,1,0,8,49,10,6,5,14,1107
5,Azeez Al-Shaair,6393dfe44e48fdec9c1990ee,17,163,79,2,2,0,49,4,0,0,0,9,42,6,4,1,7,1098
6,Roquan Smith,6393e0c76dadddc8382441aa,16,158,74,1.5,12,1,82,8,1,0,0,5,42,5,4,1,7,1058
7,T.J. Edwards,6393dfedc7099552f7474a57,17,153,64,2.5,4,1,87,7,3,0,0,8,68,8,6,2,11,1037
8,C.J. Mosley,6396536932e0836ab49d7ebe,17,152,71,0.5,1.5,2,65,7,1,0,0,5,29,2,1,0,2,1123
9,Bobby Okereke,6393e017c7099552f7476071,17,149,57,2.5,23,4,42,10,2,0,0,11,69,6,4,2,9,1126
10,Robert Spillane,6393e10d73e62c17f2618a23,17,148,66,3.5,15,1,55,4,3,0,0,7,36,4,3,1,8,1099
11,Ernest Jones,63940c8873120d7854cd4644,15,145,71,4.5,19.5,0,48,6,0,0,0,14,58,6,2,7,14,927
12,Terrel Bernard,6391052f219d1455f3dff594,17,143,59,6.5,32,0,56,5,3,0,0,10,50,9,2,5,14,992
13,Quincy Williams,6393e0426dadddc838241c8c,17,139,44,2,10,2,88,10,1,0,0,15,29,4,2,1,5,1089
14,Camryn Bynum,6393ddd873e62c17f260f1e0,17,137,43,0.5,2,3,92,9,2,0,0,2,5,1,0,0,1,1117
15,Logan Wilson,6393deaa4e48fdec9c196acd,17,135,57,1,0,3,73,9,4,0,0,5,38,4,2,0,4,1065
16,Lavonte David,6396546ded3d6c80d4f52432,15,134,48,4.5,43.5,1,85,5,0,0,0,17,51,5,0,4,9,949
17,Patrick Queen,6393dea273e62c17f260fad3,17,133,49,3.5,35,1,67,6,1,0,0,9,63,6,2,4,10,1112
18t,Jessie Bates III,6393e0fb4e48fdec9c19e91e,17,132,43,0,0,3,51,11,6,1,0,3,13,1,1,1,2,1131
18t,Fred Warner,6393e11373e62c17f2618e6a,17,132,50,2.5,16.5,4,76,11,4,0,0,6,43,5,4,1,8,974
20,Alex Anzalone,6393e1564e48fdec9c1a037f,16,129,44,3,32,0,80,6,0,0,0,7,75,12,9,5,17,1001
21,Devin Lloyd,6391055d219d1455f3e00c10,15,127,52,0,0,0,72,7,0,0,0,2,34,1,1,1,2,964
22t,Frankie Luvu,6393e1084e48fdec9c19ee5c,17,125,59,5.5,47,2,56,5,0,0,0,10,46,11,5,2,13,988
22t,Derwin James Jr.,6393e0fbc7099552f747b992,16,125,39,2,11,0,64,7,1,0,0,5,36,4,2,3,7,1001
24t,Kaden Elliss,6393e0266dadddc838240cb0,17,122,40,4,36,0,54,3,0,0,0,11,39,6,2,3,9,1080
24t,Antoine Winfield Jr.,6393dec86dadddc83823c9af,17,122,46,6,48,6,48,12,3,0,0,6,30,8,2,4,12,1092
24t,Kevin Byard,639638a8071a18e16babe460,16,122,42,0,0,0,63,3,1,0,0,0,10,0,0,0,0,1110
27t,Demario Davis,63965478215be9feb896bf5c,17,121,47,6.5,48.5,1,46,4,0,0,0,12,39,11,5,3,15,1069
27t,Cody Barton,6393e012c7099552f7475cea,13,121,54,0,0,0,47,1,1,0,0,3,27,2,0,4,4,841
29,Dre Greenlaw,6393dfd1c7099552f74736e8,15,120,45,1.5,4.5,0,82,4,0,0,0,5,39,4,2,2,6,845
30t,Quay Walker,63910517219d1455f3dfe847,14,118,59,2.5,16.5,0,58,3,1,1,0,7,59,5,2,2,7,841
30t,Germaine Pratt,6393e00ac7099552f74756b9,17,118,55,2,11.5,2,63,3,2,0,0,7,25,3,0,2,5,973
32,Eric Kendricks,6396395740970877a4314703,15,117,38,3.5,19.5,1,59,6,0,0,0,7,53,7,2,1,7,847
33,Xavier McKinney,6393dea4ffee7578cffb43a0,17,116,38,0.5,3,1,65,11,3,0,0,2,42,1,0,2,3,1126
34,Kamren Curl,6393dea673e62c17f260fc2c,16,115,41,1,0,1,46,5,0,0,0,3,17,3,2,1,4,1082
35,Ja'Whaun Bentley,6393e0e64e48fdec9c19d8d4,16,114,59,4.5,13.5,1,44,3,0,0,0,5,77,12,5,6,16,978
36,Tremaine Edmunds,6393e1014e48fdec9c19eab4,15,113,44,0,0,1,65,7,4,1,0,5,34,0,0,0,0,872
37,Josh Metellus,6393deca6dadddc83823ca94,17,112,38,2.5,17,4,79,5,1,0,0,7,91,10,7,14,24,1060
38,Jordyn Brooks,6393debf4e48fdec9c196e23,16,111,49,4.5,19,1,52,4,1,1,0,8,22,5,2,2,9,801
39t,Dax Hill,639105394241d1eb7fab952f,17,110,38,1.5,12,0,50,11,2,0,0,6,26,5,3,2,7,1086
39t,Julian Love,6393e0214e48fdec9c19a8ce,17,110,38,0,0,2,69,10,4,0,0,1,4,0,1,1,2,936
39t,Nate Landman,6391055e219d1455f3e00d05,16,110,44,2,18,3,42,3,1,0,0,7,17,4,2,1,5,806
39t,David Long Jr.,6393dfeac7099552f747480f,17,110,49,1,9,1,50,1,0,0,0,9,65,6,4,4,9,820
43t,Reed Blankenship,6391052463b0801348bac5a4,15,108,34,0,0,0,66,11,3,0,0,2,6,1,1,0,1,933
43t,Josey Jewell,6393e0e673e62c17f26174b5,16,108,48,3,16,2,43,3,0,0,0,2,38,3,1,1,5,797
45t,Kenneth Murray Jr.,6393dec16dadddc83823c734,15,107,28,3,15,0,69,4,1,0,0,7,61,4,0,2,5,968
45t,Kyle Dugger,6526d36c2fa16ce9e6160d1c,17,107,38,1.5,9.5,1,64,7,2,0,0,6,45,5,2,4,8,1109
45t,Jahlani Tavai,6393dfdb4e48fdec9c198b7c,17,107,45,1,9,2,35,5,2,0,0,5,55,4,3,1,5,831
45t,Jordan Hicks,639639368850e971e42c40ef,13,107,46,1,8,1,42,5,1,0,0,4,89,2,1,4,6,812
45t,Damone Clark,639105074241d1eb7fab838b,17,107,39,0,0,0,32,3,0,0,0,4,42,3,1,1,2,776
50t,Jaquan Brisker,63910537219d1455f3dff859,15,105,39,1,7.5,2,60,9,1,0,0,3,20,3,0,1,3,891
50t,Divine Deablo,6393ddcd4e48fdec9c194fd2,15,105,41,1,7,0,49,2,0,0,0,4,24,2,1,1,3,771
52,Blake Cashman,6393dff06dadddc83823febd,14,104,50,2,16,0,55,5,1,0,0,9,28,5,3,2,7,650
53,Derrick Brown,6393dea2ffee7578cffb42c1,17,103,46,2,22,0,5,6,1,0,0,7,0,15,12,3,17,936
54,Richie Grant,6393ddc0c7099552f7471ae2,17,102,37,3,19,2,57,6,1,0,0,3,21,5,3,1,7,946
55,Elandon Roberts,639638c6071a18e16babfc9a,16,101,33,2.5,19.5,0,48,2,0,0,0,10,32,6,3,2,8,577
56t,Christian Harris,6391050b4241d1eb7fab8598,16,100,36,2,8,1,55,7,0,0,0,7,29,3,1,0,3,748
56t,Rayshawn Jenkins,6393e196ffee7578cffb725e,17,100,35,1,8,0,61,9,2,0,0,7,32,1,1,3,5,1096
56t,Jordan Poyer,6396540f215be9feb896a29c,16,100,34,1,4,1,51,4,0,0,0,2,27,2,1,2,4,981
56t,E.J. Speed,6526d36d5906546d2e98883c,16,100,24,1,9,3,59,4,0,0,0,12,32,2,1,2,4,730
60t,Jeremiah Owusu-Koramoah,6393ddd14e48fdec9c1952b4,16,98,29,3.5,34.5,1,45,6,2,0,0,20,60,5,0,1,5,756
60t,Taron Johnson,6393e09673e62c17f2614f3a,17,98,26,1,1,3,81,8,0,0,0,3,28,2,1,0,2,949
62t,Micah McFadden,6391053c219d1455f3dffa20,16,97,38,1,6.5,0,35,5,1,0,0,12,53,6,4,2,8,734
62t,Jordan Whitehead,6393e10273e62c17f261835b,17,97,32,0.5,6.5,0,38,9,4,0,0,3,5,1,0,0,1,1074
62t,Ivan Pace Jr.,6526d3cc2fa16ce9e61621d0,17,97,39,2.5,12.5,1,37,2,1,0,0,2,74,9,6,1,10,703
65t,Quandre Diggs,639639358850e971e42c4056,17,95,32,0,0,0,36,5,1,0,0,1,1,0,0,0,0,1153
65t,Justin Reid,6393e1094e48fdec9c19ef6a,16,95,21,3,16,1,62,7,1,0,0,5,34,5,2,2,7,976
67,Markquese Bell,6391059b219d1455f3e02813,17,94,34,0,0,2,47,4,0,0,0,3,19,0,0,0,0,642
68t,Kenny Moore II,6526d36d5906546d2e98880c,16,93,25,1.5,13,0,80,6,3,2,0,8,19,2,0,1,3,1088
68t,Nicholas Morrow,6526d3b714f02fc45f542b47,15,93,29,3,20,1,55,5,0,0,1,12,33,5,2,0,5,826
68t,Jordan Fuller,6393decb4e48fdec9c197319,17,93,33,0,0,3,54,8,3,0,0,1,7,0,0,0,0,1050
68t,Harrison Smith,639413d773120d7854cede2b,17,93,33,3,35,3,52,3,0,0,0,2,83,6,3,1,7,1108
68t,Pete Werner,6393ddb573e62c17f260dd68,16,93,33,0.5,4,0,61,1,1,0,0,4,40,1,0,1,2,915
73t,Jack Gibbens,63910537219d1455f3dff763,14,92,40,1,9,0,30,3,0,0,0,3,16,2,1,2,4,628
73t,Harrison Phillips,6393e1094e48fdec9c19ef11,17,92,48,3,7,0,2,2,0,0,0,2,2,6,1,3,8,835
75t,Maxx Crosby,6393e01bc7099552f747620a,17,90,35,14.5,100,2,3,2,0,0,0,23,2,31,15,20,50,1079
75t,Kyzir White,6393e0df73e62c17f2616ea2,11,90,37,2,10,0,32,3,1,0,0,9,20,2,0,1,3,707
77t,Jack Campbell,6526d3c82fa16ce9e6161f7e,17,89,43,2,14,0,31,1,0,0,0,5,43,3,1,1,4,635
77t,Jamin Davis,6393dd8cc7099552f7470fa7,13,89,39,3,8,2,44,4,1,0,0,8,33,3,0,1,4,738
79t,Shaquille Leonard,6526d36e5906546d2e988850,14,88,42,1,2,0,29,0,0,0,0,4,11,1,0,1,2,615
79t,Julian Blackmon,6393deea4e48fdec9c197c66,15,88,23,0,0,0,46,8,4,0,0,5,18,1,1,0,1,986
79t,Donovan Wilson,6393dfd4c7099552f74739a8,15,88,33,0,0,1,30,3,2,0,0,2,17,1,1,0,1,726
82,Budda Baker,6393e1a16dadddc838246495,12,87,29,0,0,0,30,0,0,0,0,5,14,0,0,1,1,761
83t,Nate Hobbs,6393ddad73e62c17f260d77a,13,86,27,1,8,1,83,7,1,0,0,6,14,2,0,0,1,774
83t,Roger McCreary,6391050a4241d1eb7fab8484,15,86,24,2,25,1,81,6,1,0,0,7,26,2,0,1,3,934
85t,Jason Pinnock,6393ddd04e48fdec9c1951b5,16,85,26,2,17,2,42,6,2,1,0,6,36,4,2,3,7,1009
85t,K'Von Wallace,6393dee2ffee7578cffb5313,17,85,27,0,0,0,43,6,1,0,0,1,12,1,1,1,2,808
85t,Zach Cunningham,6393e15573e62c17f2619f76,13,85,31,0,0,0,54,4,0,0,0,2,32,1,1,0,1,711
88t,Jalen Pitre,6391052f219d1455f3dff584,15,84,26,0,0,1,38,5,0,0,0,6,28,2,2,2,4,899
88t,Mike Hilton,6396389a40970877a430fe3a,17,84,20,2,2,0,69,8,2,0,0,12,34,2,1,0,3,873
88t,Tyrique Stevenson,6526d3c9a78ccf43a2e57f9e,16,84,21,0,0,2,116,16,4,0,0,1,0,0,0,0,0,825
88t,Deommodore Lenoir,6393dddb4e48fdec9c195ab0,17,84,26,0,0,0,95,10,3,0,0,1,12,0,0,0,0,974
92t,Tre'von Moehrig,6393dda773e62c17f260d151,17,83,18,2,13,0,44,8,3,0,0,1,6,2,0,0,2,1104
92t,Devin White,6393dfcd4e48fdec9c198575,14,83,34,2.5,19,0,43,6,2,0,0,5,75,9,6,4,13,886
92t,Danielle Hunter,6396392174bd36db118b4bcb,17,83,29,16.5,120,4,5,2,0,0,0,23,46,22,7,17,41,1003
95t,Isaiah McDuffie,6393ddc673e62c17f260e617,16,82,30,0.5,5,0,31,1,0,0,0,5,19,3,2,1,4,507
95t,Tony Adams,63910533219d1455f3dff682,15,82,28,0,0,0,29,5,3,0,0,6,4,0,0,2,2,877
95t,DeShon Elliott,6393e0e04e48fdec9c19d476,15,82,29,0,0,0,39,7,1,0,0,1,2,0,0,0,0,924
98t,Kyle Hamilton,63910570219d1455f3e014cd,15,81,18,3,36,1,63,13,4,1,0,10,30,4,1,3,7,930
98t,Kerby Joseph,63910533219d1455f3dff6b5,15,81,13,0,0,0,58,11,4,0,0,1,5,0,0,0,0,908
98t,DeForest Buckner,639638db8850e971e42c2a13,17,81,36,8,48,2,1,7,0,0,0,11,2,21,12,4,25,840
101t,Amani Hooker,6393dff0c7099552f7474ce7,13,80,16,0,0,1,57,7,1,0,0,3,7,0,0,1,1,865
101t,Trent McDuffie,63910562219d1455f3e0103c,16,80,20,3,24,5,76,7,0,0,0,3,54,9,7,4,14,972
103t,Kendall Fuller,639638d240970877a4311668,15,79,24,0,0,0,80,9,2,0,0,2,0,0,0,0,0,1015
103t,Keisean Nixon,6393dfcac7099552f7473591,17,79,21,0.5,4,0,81,6,1,0,0,3,3,1,0,0,1,805
103t,Devon Witherspoon,6526d3b12fa16ce9e61618d7,14,79,23,3,19,1,84,16,1,1,0,8,26,4,1,1,5,881
106t,Derrick Barnes,6393ddae73e62c17f260d9e8,16,78,39,1,12,1,35,0,0,0,0,5,67,5,4,3,8,702
106t,Drue Tranquill,6393e0214e48fdec9c19a902,16,78,25,4.5,19,2,30,1,0,0,0,7,49,7,2,1,8,577
106t,Carl Granderson,6393dfd54e48fdec9c198747,17,78,34,8.5,55,1,3,1,0,0,0,14,2,20,11,8,28,870
106t,Jalen Thompson,6393e0154e48fdec9c19a0f0,15,78,19,1,9,1,47,9,4,0,0,5,14,3,2,1,4,936
106t,Jerome Baker,6393e0eb4e48fdec9c19dc2e,13,78,27,1.5,0,0,46,3,2,1,0,2,41,4,2,2,6,713
106t,L'Jarius Sneed,6393deb2ffee7578cffb4bbe,16,78,18,0,0,0,100,14,2,0,0,5,12,3,3,0,3,985
112t,Myles Bryant,6393deee73e62c17f2611793,17,77,12,1,6,2,82,7,1,0,0,7,14,1,0,2,3,846
112t,Christian Rozeboom,6393df056dadddc83823e1d8,17,77,31,0,0,0,49,4,1,0,0,2,19,2,2,0,2,552
112t,Grant Delpit,6393dea273e62c17f260fab3,13,77,17,1.5,14.5,0,33,3,1,0,0,7,33,4,2,3,7,737
112t,Michael Hoecht,6526d3ae14f02fc45f54258f,17,77,36,6,43,1,31,2,0,0,0,7,9,11,4,5,16,952
116t,Paulson Adebo,6393deeeffee7578cffb599b,15,76,16,0,0,2,100,18,4,0,0,0,3,0,1,0,1,945
116t,Denzel Perryman,6396395474bd36db118b653b,12,76,31,0.5,4.5,0,39,3,0,0,0,6,20,2,1,2,4,566
116t,D.J. Reed,6393e0e14e48fdec9c19d55e,15,76,14,0,0,1,80,9,1,0,0,2,2,0,0,0,0,992
119t,Jabrill Peppers,6393e17a73e62c17f261a616,15,75,26,1,7,1,35,8,2,0,0,5,35,2,1,2,4,952
119t,Alontae Taylor,63910503219d1455f3dfe4a4,17,75,19,1,14,1,102,14,2,0,0,6,32,1,0,2,3,945
119t,Tyrann Mathieu,63965455926e4df2104a9077,17,75,25,0,0,0,46,9,4,1,0,0,9,1,0,1,1,1091
119t,De'Vondre Campbell,639638b7071a18e16babf26d,11,75,29,0,0,0,25,1,0,0,0,3,17,2,2,2,4,574
119t,Ryan Neal,6393e0b3c7099552f747a555,15,75,24,0,0,0,34,0,0,0,0,4,13,0,0,2,2,576
124t,Jonathan Owens,6526d3cba78ccf43a2e580d2,17,74,26,1,11,1,32,3,0,0,0,2,4,1,1,0,2,767
124t,Brian Branch,6526d3c92fa16ce9e6161fb2,15,74,24,1,6,1,73,13,3,1,0,7,31,3,2,5,8,734
124t,Khalil Mack,639653ae926e4df2104a6444,17,74,17,17,134,5,2,10,0,0,0,21,44,22,10,9,36,936
127t,Bradley Chubb,6393e0fe4e48fdec9c19e9b0,16,73,28,11,84,6,9,2,0,0,0,11,25,22,11,9,33,834
127t,Alohi Gilman,6393defa6dadddc83823de4d,14,73,24,0,0,3,49,10,2,0,0,2,2,0,0,0,0,927
127t,Jevon Holland,6393deef73e62c17f26118ef,12,73,22,0,0,3,38,4,1,1,0,3,5,0,0,1,1,707
130t,Jayron Kearse,639638cf071a18e16babfefb,16,72,24,1.5,6,0,38,4,1,0,0,4,22,3,1,1,4,811
130t,Elijah Molden,6393ddd84e48fdec9c195854,15,72,26,0,0,1,33,4,1,1,0,1,14,0,0,0,0,698
130t,Charvarius Ward,6393e0dac7099552f747b500,17,72,16,0,0,1,109,23,5,1,0,2,3,0,0,1,1,926
133t,Brandon Stephens,6393ddbf73e62c17f260e275,16,71,17,0,0,0,108,11,2,0,0,2,5,0,0,1,1,1071
133t,Khaleke Hudson,6393deca6dadddc83823cb85,17,71,30,1,3,0,35,2,0,0,0,5,22,2,1,1,3,403
135t,Harold Landry III,6393e0fb4e48fdec9c19e7cd,17,70,25,10.5,72.5,0,18,0,0,0,0,14,18,21,10,5,26,836
135t,Jonathon Cooper,6393ddb473e62c17f260dd2d,17,70,28,8.5,65.5,1,14,2,1,0,0,8,28,13,4,9,22,832
135t,Tyrel Dodson,6393dfd4c7099552f74739ed,17,70,17,2.5,11,1,35,2,0,0,0,8,36,6,3,1,7,546
135t,Justin Simmons,639638cb40970877a43114d1,15,70,17,1,15,2,48,8,3,0,0,2,6,0,0,0,1,981
139t,Andrew Van Ginkel,6393dfedc7099552f7474abf,17,69,27,6,37.5,0,25,8,1,1,0,8,40,19,10,3,20,726
139t,Jordan Battle,6526d385a78ccf43a2e57770,17,69,28,2,12,0,21,5,1,0,0,4,15,3,1,1,4,524
139t,Pat Surtain II,6393dd8d4e48fdec9c193936,17,69,10,0,0,0,91,12,1,0,0,0,5,0,0,0,0,1117
139t,DaRon Bland,63910518219d1455f3dfe95a,17,69,16,0,0,0,84,15,9,5,0,3,2,1,1,0,1,957
139t,Vonn Bell,639638ba40970877a4310cd3,13,69,27,0,0,0,27,2,1,0,0,0,2,1,1,0,1,776
144t,Stephon Gilmore,63965453926e4df2104a9058,17,68,14,0,0,1,95,13,2,0,0,0,0,0,0,0,0,993
144t,T.J. Watt,6393e1746dadddc838245413,17,68,20,19,122,4,8,8,1,0,0,19,23,36,18,12,50,924
144t,Rudy Ford,6393e1574e48fdec9c1a0524,13,68,24,0,0,0,28,6,2,0,0,0,3,0,0,0,0,623
147,Benjamin St-Juste,6393ddb2ffee7578cffb206b,16,67,15,1,3,2,106,17,1,0,0,1,5,1,0,0,1,1058
148t,Anfernee Jennings,6393dea4ffee7578cffb438f,15,66,17,1.5,10,0,15,0,0,0,0,14,55,4,3,2,7,672
148t,Geno Stone,6393dec64e48fdec9c19717a,17,66,24,0,0,0,44,9,7,0,0,0,11,0,0,1,1,944
148t,Marcus Epps,6393dfd54e48fdec9c198754,17,66,25,0,0,1,36,3,0,0,0,4,8,0,0,0,0,1029
148t,Josh Allen,6393dfcdc7099552f74735e9,17,66,23,17.5,126.5,2,9,1,1,0,0,17,58,33,13,14,46,881
152t,Cameron Sutton,6393e1544e48fdec9c1a024e,17,65,15,0,0,1,91,6,1,0,0,4,7,0,0,0,0,1071
152t,Akayleb Evans,6391050363b0801348babb9d,15,65,16,0,0,3,81,7,1,0,0,0,5,0,0,0,0,854
154t,Minkah Fitzpatrick,6393e0cbc7099552f747ac7c,10,64,21,0,0,0,32,3,0,0,0,1,15,0,0,1,1,545
154t,Zyon McCollum,639105a963b0801348baf9aa,17,64,19,0,0,2,92,9,0,0,0,1,0,0,0,1,1,776
154t,Christian Barmore,6393dd8d4e48fdec9c193929,17,64,25,8.5,60.5,1,0,6,0,0,0,13,0,16,4,6,19,747
154t,Deonte Banks,6526d3c72fa16ce9e6161f3a,15,64,11,0,0,0,96,11,2,0,0,2,1,0,0,0,0,842
154t,Micah Parsons,6393dec76dadddc83823c928,17,64,28,14,115,1,5,2,0,0,0,18,47,33,16,11,43,856
159t,Steven Nelson,6396395a8850e971e42c4694,17,63,15,0,0,0,70,12,4,0,0,0,1,0,0,0,0,1078
159t,Christian Wilkins,6393e00bc7099552f74757cc,17,63,27,9,71,1,3,2,0,0,0,10,0,23,14,6,30,892
159t,Asante Samuel Jr.,6393ddc84e48fdec9c1949d6,17,63,7,0,0,0,96,13,2,0,0,1,1,0,0,0,0,1111
159t,Christian Izien,6526d39014f02fc45f5419f6,17,63,18,0,0,1,58,2,2,0,0,3,56,2,3,2,5,713
159t,Percy Butler,6391054463b0801348bacdaa,15,63,29,0,0,1,32,8,0,0,0,2,6,0,0,0,0,830
159t,Sione Takitaki,6393e0216dadddc838240a41,15,63,20,2,11,0,28,3,1,0,0,3,32,3,1,1,4,565
159t,Kader Kohou,6526d3655906546d2e988548,17,63,11,1,12,0,83,10,0,0,0,5,15,5,4,0,5,935
159t,Zach Sieler,6526d3655906546d2e988580,17,63,31,10,61.5,1,3,4,1,1,0,11,0,22,9,7,27,854
159t,Adoree' Jackson,6393e1994e48fdec9c1a11e8,14,63,14,0,0,1,88,8,1,1,0,0,6,0,0,0,0,790
168t,Leonard Williams,63963957071a18e16bac0cfd,18,62,25,5.5,40,0,3,2,0,0,0,10,0,16,10,7,23,883
168t,A'Shawn Robinson,6396389974bd36db118b3c57,17,62,28,0,0,0,0,2,0,0,0,6,0,1,0,1,1,514
168t,Andre Cisco,6393ddcb4e48fdec9c194d95,15,62,20,0.5,3.5,1,47,5,4,0,0,1,12,1,0,1,2,847
168t,Michael Davis,6393e1ab4e48fdec9c1a1899,17,62,10,0,0,0,89,10,1,0,0,3,1,0,0,1,1,886
172t,Jamel Dean,6393dfce6dadddc83823fba4,13,61,15,0,0,0,56,4,0,0,0,0,8,0,0,0,0,708
172t,John Jenkins,639653e332e0836ab49da34a,17,61,37,1,4,0,1,4,0,0,0,4,0,2,1,1,3,594
172t,Quinnen Williams,6393dfcd6dadddc83823fb17,17,61,23,5.5,45,1,2,3,1,0,1,11,0,20,13,9,29,777
172t,Damontae Kazee,6393e1616dadddc8382449ae,14,61,15,0,0,0,43,3,2,0,0,0,4,0,0,0,0,768
172t,Byron Young,6526d3af14f02fc45f54266c,17,61,19,8,41,2,17,0,0,0,0,8,51,19,11,10,30,959
172t,Kyler Gordon,63910562219d1455f3e00fec,13,61,17,1,8,0,61,6,2,0,0,3,35,2,1,3,5,643
172t,Xavier Woods,6393e164c7099552f747d274,14,61,22,0,0,0,41,7,2,0,0,4,2,0,0,0,0,794
172t,Russ Yeast,6391052b63b0801348bac8a7,17,61,24,0,0,0,41,5,0,0,0,0,13,0,0,0,0,797
172t,Rasul Douglas,6393e16d6dadddc838244fb0,16,61,14,1,10,0,80,14,5,1,0,3,4,1,0,0,1,987
172t,Josh Woods,6393e0e94e48fdec9c19db29,11,61,28,0.5,3,1,29,1,0,0,0,2,12,1,0,1,2,567
182t,Tyson Campbell,6393dd89c7099552f7470df6,11,60,19,0,0,1,62,5,1,0,0,2,1,0,0,0,0,588
182t,Zach Allen,6393e007c7099552f74755a6,17,60,33,5,44.5,1,1,1,0,0,0,8,0,24,13,7,27,909
182t,D.J. Wonnum,6393de9e4e48fdec9c19654d,15,60,29,8,54.5,0,8,6,0,0,0,7,48,15,4,8,21,823
182t,Nick Bolton,6393dd88c7099552f7470d29,8,60,22,0,0,0,32,3,1,0,0,1,23,1,1,1,2,438
182t,Tashaun Gipson Sr.,6396545b215be9feb896b057,16,60,19,1,9,0,27,3,1,0,0,3,9,1,0,0,1,968
187t,Martin Emerson Jr.,6391050b63b0801348babdcc,16,59,14,0,0,0,79,14,4,0,0,1,0,0,0,0,0,855
187t,Donte Jackson,6393e0cac7099552f747ab2e,16,59,10,0,0,1,67,5,0,0,0,5,2,0,0,0,0,900
187t,Jack Sanborn,639105334241d1eb7fab9091,17,59,22,1,5,0,26,2,1,0,0,7,16,1,0,2,3,411
190t,Sam Hubbard,6393e0eb4e48fdec9c19dc77,15,58,20,6,38,0,5,0,0,0,0,7,3,17,11,5,22,711
190t,Isaiah Oliver,6393e10673e62c17f2618503,17,58,19,0,0,0,50,2,1,0,0,2,19,3,3,0,3,500
190t,Willie Gay,6393dea74e48fdec9c1968b2,16,58,14,1,13,1,29,4,1,0,0,4,37,3,2,2,5,622
193t,Samson Ebukam,6393e12f73e62c17f26191a3,17,57,18,9.5,66.5,3,8,1,0,0,0,10,10,17,8,3,21,703
193t,Kobie Turner,6526d3af14f02fc45f542608,17,57,28,9,77.5,0,2,2,0,0,0,8,0,16,5,4,20,692
193t,Sauce Gardner,6391054863b0801348bad192,16,57,16,0,0,1,55,11,0,0,0,2,2,0,0,0,0,1047
193t,Sean Murphy-Bunting,6393e0184e48fdec9c19a381,14,57,15,0,0,2,69,8,2,0,0,3,4,0,0,1,1,838
193t,Henry To'oTo'o,6526d3785906546d2e988c24,14,57,26,0,0,1,33,2,0,0,0,2,15,1,1,3,4,430
193t,Tracy Walker III,6393e0ee73e62c17f2617bb0,17,57,17,1,8,1,30,2,0,0,0,1,8,3,2,2,5,538
193t,Alex Highsmith,6393deb873e62c17f261045f,17,57,23,7,44.5,2,11,3,2,1,0,8,61,18,11,7,26,903
193t,Montez Sweat,6393dfd2c7099552f747387b,17,57,19,12.5,78.5,3,1,4,0,0,0,14,0,25,13,11,40,761
193t,Byron Murphy Jr.,6393e015c7099552f7475ef0,14,57,14,0,0,1,101,13,3,0,0,4,13,0,0,0,0,903
193t,Chidobe Awuzie,6393e19d4e48fdec9c1a12c7,15,57,14,0,0,1,57,6,0,0,0,2,2,0,0,0,0,721
193t,Khalen Saunders,6393e0256dadddc838240c5e,17,57,33,0,0,0,0,1,0,0,0,1,0,2,2,0,2,520
193t,Leo Chenal,639105334241d1eb7fab90c7,17,57,25,3,17,0,19,1,0,0,0,8,24,7,4,4,11,445
193t,Darius Slay,639653e632e0836ab49da582,12,57,9,0,0,0,80,14,2,1,0,1,0,0,0,0,0,802
206t,Justin Madubuike,6393dea6ffee7578cffb4480,17,56,18,13,89.5,2,3,0,0,0,0,12,0,33,16,3,33,752
206t,Davon Godchaux,6393e1574e48fdec9c1a0460,17,56,32,0,0,0,1,0,0,0,0,2,0,1,1,3,4,681
206t,Nick Scott,6393dff173e62c17f2613ed0,17,56,22,0,0,0,33,0,0,0,0,1,22,1,1,1,2,566
206t,Calais Campbell,63966f860e5a072d769cc1ca,17,56,24,6.5,29,1,3,1,0,0,1,10,0,17,10,7,24,710
210t,Jerry Jacobs,6393dd90c7099552f7471416,15,55,6,0,0,0,82,8,3,0,0,2,4,1,1,1,2,740
210t,Marcus Williams,6393e19d6dadddc83824639f,11,55,20,0,0,0,37,8,1,0,0,1,1,0,0,0,0,632
210t,Jermaine Johnson,63910550219d1455f3e00700,17,55,19,7.5,50,1,5,7,1,1,0,11,26,16,7,9,25,745
213t,Deatrich Wise Jr.,6393e15a6dadddc838244722,16,54,32,4.5,50,1,1,1,0,0,0,3,1,6,1,7,13,610
213t,Cole Holcomb,6393e00dc7099552f74758a1,8,54,23,0,0,2,19,2,0,0,0,4,37,2,2,0,2,442
213t,Christian Benford,639105a24241d1eb7fababb9,15,54,11,0,0,2,62,10,2,0,0,3,2,0,0,0,0,820
213t,Jarran Reed,6396389974bd36db118b3c6f,16,54,27,7,46,1,3,2,0,0,0,7,0,12,5,9,21,808
213t,James Bradberry,639639158850e971e42c3376,16,54,15,0,0,0,101,13,1,0,0,0,3,0,0,0,0,1041
213t,Micah Hyde,639653f932e0836ab49db388,14,54,17,0,0,0,37,7,2,0,0,1,16,1,1,0,1,790
213t,David Mayo,6396394574bd36db118b5cee,17,54,20,2,9,0,23,0,0,0,0,6,11,2,0,1,3,350
220t,Darious Williams,6393e0d9c7099552f747b437,17,53,9,0,0,2,100,19,4,1,0,3,1,0,1,0,1,1035
220t,Nick Bosa,6393dff46dadddc83823ff9b,17,53,19,10.5,62.5,2,5,4,0,0,0,16,5,35,21,9,44,814
220t,Tuli Tuipulotu,6526d352a78ccf43a2e56894,17,53,16,4.5,37.5,2,10,1,0,0,0,8,28,12,6,11,22,851
220t,Riq Woolen,63910523219d1455f3dfed2c,16,53,11,0,0,0,71,11,2,0,0,1,1,0,0,0,0,939
220t,P.J. Locke,6393dfe54e48fdec9c1992ab,12,53,20,3,34,2,35,5,1,0,0,2,9,3,0,0,3,537
220t,Aaron Donald,6396539c57b9fbc69ebbb08b,16,53,25,8,44.5,0,1,3,0,0,0,16,0,23,14,8,31,858
220t,Kareem Jackson,6396554f215be9feb896d866,10,53,16,0,0,0,25,3,2,0,0,0,1,0,0,0,0,519
220t,Daron Payne,6393e0cbc7099552f747acd2,17,53,21,4,24.5,2,2,4,0,0,0,13,1,11,4,4,13,918
220t,Dexter Lawrence II,6393e00bc7099552f7475792,16,53,21,4.5,36.5,0,1,2,0,0,0,7,0,21,14,5,25,708
220t,Marco Wilson,6393dd8bc7099552f7470ee9,16,53,12,0,0,0,65,4,0,0,0,0,1,0,0,0,0,703
220t,Juan Thornhill,6393e0104e48fdec9c199e49,11,53,13,0,0,0,30,1,0,0,0,0,4,2,2,0,2,601
220t,Krys Barnes,6393dee86dadddc83823d77b,16,53,20,0,0,0,19,6,1,0,0,3,5,1,1,0,1,407
220t,Jonathan Allen,6393e15a73e62c17f261a1e8,16,53,23,5.5,24,0,4,1,0,0,0,10,0,19,11,5,22,864
220t,Quentin Lake,6391055b63b0801348badb65,14,53,11,0,0,0,51,6,0,0,0,1,14,0,0,1,1,447
234t,Shaquil Barrett,6396536d32e0836ab49d8185,16,52,19,4.5,32.5,3,18,2,1,1,0,3,34,9,8,6,19,649
234t,Travon Walker,63910517219d1455f3dfe877,17,52,25,10,77.5,0,10,2,0,0,0,10,49,19,7,11,30,870
234t,Jourdan Lewis,6393e17a73e62c17f261a61e,16,52,16,0,0,3,71,5,1,0,0,2,7,0,0,0,0,727
234t,Jonathan Greenard,6393dea24e48fdec9c19662e,15,52,16,12.5,104.5,1,3,2,0,0,0,15,18,22,9,9,32,628
234t,Kwity Paye,6393ddb3ffee7578cffb2120,16,52,21,8.5,40,2,4,0,0,0,0,8,4,9,2,6,17,699
234t,Boye Mafe,63910537219d1455f3dff75f,16,52,17,9,65,1,8,6,0,0,0,9,14,16,8,8,25,808
234t,Carlton Davis III,6393e0cbc7099552f747ac23,12,52,12,0,0,0,83,9,2,0,0,0,2,0,0,0,0,709
234t,Ahkello Witherspoon,6393e19d4e48fdec9c1a12c3,17,52,9,0,0,0,106,14,3,0,0,3,1,0,0,0,0,1053
242t,Kamu Grugier-Hill,6396387674bd36db118b2ac2,17,51,25,1,7,0,21,2,1,0,0,2,7,1,0,0,1,402
242t,Talanoa Hufanga,6393ddd173e62c17f260ec36,10,51,13,0,0,0,19,3,3,0,0,1,9,2,1,1,2,575
242t,Mike Edwards,6393dfcdc7099552f74735df,17,51,19,1,10,0,31,5,1,0,0,2,6,1,0,0,1,616
242t,Ed Oliver,6393e0046dadddc8382405e8,16,51,17,9.5,64,1,1,3,1,0,0,14,0,16,5,3,19,729
242t,B.J. Hill,6393e0fe4e48fdec9c19e96a,17,51,25,4.5,27,0,1,5,2,0,0,2,0,21,14,3,23,773
242t,Aidan Hutchinson,639105394241d1eb7fab94fb,17,51,15,11.5,98.5,3,3,7,1,0,0,14,1,33,21,29,62,982
248t,Jimmie Ward,639653ab215be9feb8968b8c,10,50,17,0,0,1,34,3,1,0,0,0,4,0,0,0,0,504
248t,Darnell Savage,6393dff173e62c17f2613fb2,10,50,15,0,0,0,23,1,0,0,0,1,3,0,0,1,1,557
248t,Mike Danna,6393deca6dadddc83823cad3,16,50,18,6.5,34,0,4,3,0,0,0,7,1,13,5,9,21,740
248t,Keanu Neal,6396389674bd36db118b3a19,9,50,17,0,0,0,34,2,1,0,0,1,10,0,1,0,1,426
248t,Michael Carter II,6393ddc773e62c17f260e7a1,15,50,13,0,0,1,62,9,0,0,0,1,13,1,1,3,4,669
248t,DJ Turner II,6526d385a78ccf43a2e5774c,17,50,10,1,5,0,69,7,0,0,0,2,0,1,0,0,1,824
248t,Brian Burns,6393e0076dadddc8382407cd,16,50,18,8,56,1,15,2,0,0,0,16,35,18,11,2,21,812
248t,Malik Hooker,6393e17bc7099552f747dcfd,16,50,23,0,0,1,23,3,1,0,0,1,4,0,0,0,0,818
248t,Amik Robertson,6393deb2ffee7578cffb4b3b,17,50,12,1,5,1,66,6,2,0,0,2,4,1,0,0,1,673
248t,David Onyemata,6526d3985906546d2e98926e,14,50,25,4,22.5,2,2,3,0,0,0,6,0,16,11,5,21,592
248t,Ja'Quan McMillian,63910549219d1455f3e00075,16,50,14,2,15,2,66,5,2,0,0,7,19,3,1,0,3,667
248t,Nathan Shepherd,6526d39b5906546d2e989552,17,50,23,3.5,21.5,0,0,0,0,0,0,4,0,8,3,4,11,588
248t,DeMarcus Lawrence,6396536c215be9feb896835b,17,50,21,4,25,1,5,6,0,0,0,10,2,8,4,6,14,603
248t,Denico Autry,63965368215be9feb8968184,17,50,20,11.5,87.5,2,2,4,0,0,0,12,0,17,3,8,24,766
248t,Kayvon Thibodeaux,63910564219d1455f3e01111,17,50,24,11.5,93,3,11,4,0,0,0,12,98,16,4,18,35,980
248t,Cam Taylor-Britt,639105334241d1eb7fab8f84,12,50,10,0,0,1,67,11,4,1,0,1,0,0,0,1,1,652
264t,Justin Jones,6393e0fe4e48fdec9c19e9bb,17,49,20,4.5,37,0,4,4,0,0,0,10,0,17,12,5,22,737
264t,Greg Newsome II,6393ddafffee7578cffb1c8f,14,49,15,0.5,2.5,0,67,14,2,1,0,4,14,1,0,1,2,768
264t,Terell Smith,6526d3c9a78ccf43a2e57f76,12,49,12,0,0,1,46,6,0,0,0,3,0,0,0,0,0,375
264t,T.J. Slaton,6393dd8bc7099552f7470ecf,17,49,27,0,0,0,0,2,0,0,0,2,0,2,1,3,4,622
264t,Dre'Mont Jones,6393dff46dadddc83823ff77,17,49,23,4.5,23,0,3,0,0,0,0,5,4,12,7,8,20,762
264t,Jonah Williams,6393df0073e62c17f26124fd,17,49,29,2,21,0,0,1,0,0,0,4,0,4,2,3,7,591
264t,Derion Kendrick,63910517219d1455f3dfe81e,17,49,8,0,0,0,77,10,1,0,0,3,1,0,0,0,0,852
271t,Bilal Nichols,6393e08973e62c17f2614977,17,48,23,1.5,3,0,4,1,0,0,0,4,0,2,1,0,3,615
271t,Marshon Lattimore,6393e17bc7099552f747dd01,10,48,9,0,0,0,47,8,1,0,0,2,0,0,0,0,0,619
271t,Jamal Adams,6393e1574e48fdec9c1a0444,9,48,14,0,0,0,31,2,0,0,0,7,22,2,3,3,6,517
271t,Preston Smith,6396392340970877a4312a24,17,48,20,8,44,2,4,4,0,0,0,4,56,21,10,4,23,726
275t,Jonathan Jones,6396389774bd36db118b3b8a,14,47,8,0,0,0,56,7,0,0,0,0,1,0,0,0,0,720
275t,Troy Hill,6396395e8850e971e42c48b9,16,47,18,0,0,1,55,6,1,1,0,3,13,0,1,1,2,492
275t,George Karlaftis,639105344241d1eb7fab9188,16,47,18,10.5,55.5,1,7,3,0,0,0,7,1,17,4,18,35,750
275t,Dante Stills,6526d3a32fa16ce9e616140f,15,47,29,3.5,25,0,3,0,0,0,0,5,0,5,1,2,7,533
275t,Tavierre Thomas,6526d3775906546d2e988b3d,9,47,21,0,0,2,33,1,0,0,0,2,12,0,0,0,0,350
280t,Osa Odighizuwa,6393ddd273e62c17f260ed7d,17,46,20,3,18,0,2,0,0,0,0,9,0,13,10,1,14,629
280t,Desmond King,6393e177c7099552f747db6b,10,46,25,1,7,0,24,2,0,0,0,5,9,2,1,0,2,308
280t,Kristian Fulton,6393dea373e62c17f260fb44,12,46,9,0,0,0,49,5,0,0,0,2,0,0,0,0,0,643
280t,Kevin Strong,6393dfdf4e48fdec9c198d62,14,46,21,2.5,25,0,1,1,0,0,0,5,0,3,0,3,6,467
280t,Austin Johnson,639638b8071a18e16babf34c,17,46,22,0,0,1,3,2,0,0,0,2,1,1,1,1,2,642
280t,Brandon Jones,6393debb73e62c17f261072c,16,46,12,0,0,1,16,4,2,0,0,2,4,1,1,0,1,461
280t,D.J. Jones,6393e15a6dadddc838244634,16,46,16,2,23,3,4,0,0,0,0,5,0,4,2,0,4,565
280t,Jonathan Ledbetter,6393dfca73e62c17f2613d04,12,46,25,1.5,3,0,2,0,0,0,0,1,0,4,2,1,5,511
280t,Fabian Moreau,6393e199c7099552f747e42f,16,46,13,0,0,0,60,7,1,0,0,1,2,0,0,0,0,736
280t,Eli Apple,639638ba40970877a4310ccf,10,46,9,0.5,0,0,66,9,1,0,0,0,0,1,0,0,1,551
290t,Xavien Howard,639638b040970877a431086b,13,45,9,0,0,0,62,12,1,0,0,1,3,1,1,0,1,741
290t,A.J. Terrell,6393dee2ffee7578cffb5372,17,45,11,0,0,0,81,11,0,0,0,4,0,0,0,0,0,1062
290t,Will Anderson Jr.,6526d3775906546d2e988c00,15,45,16,7,48,0,2,1,0,0,0,10,12,22,15,10,32,624
290t,Oren Burks,6393e0c773e62c17f261647e,15,45,17,1,7,0,22,1,1,0,0,3,8,1,0,2,3,323
290t,Taylor Rapp,6393e015c7099552f7475eab,16,45,17,0.5,3,0,18,2,1,0,0,1,4,1,0,0,1,420
290t,Tre Herndon,6393e0c773e62c17f26164bf,16,45,15,0,0,1,62,9,0,0,0,1,18,3,2,3,5,479
290t,Jordan Davis,63910517219d1455f3dfe84b,17,45,27,2.5,14.5,1,1,1,0,0,0,2,1,5,1,5,10,513
297t,Jonathan Bullard,6396389674bd36db118b3a05,17,44,20,2,13,1,0,0,0,0,0,3,1,2,0,1,3,640
297t,Jeffery Simmons,6393dfd2c7099552f7473855,12,44,14,5.5,37,1,0,1,0,0,0,10,1,11,5,6,17,654
297t,Rashan Gary,6393dff973e62c17f2614435,17,44,21,9,47.5,2,1,2,0,0,0,7,57,22,10,10,30,585
297t,Jalen Mills,6396389674bd36db118b3ad4,17,44,19,0,0,1,30,1,0,0,0,1,10,1,1,2,3,458
297t,Isaiah Simmons,6393dee2ffee7578cffb534c,17,44,17,1,10,1,27,3,1,1,0,2,54,1,0,4,5,378
297t,Javon Hargrave,6526d3a05906546d2e98997f,16,44,19,7,46.5,0,1,2,0,0,0,8,0,14,5,1,14,631
297t,Kenny Clark,639638d5071a18e16bac0224,17,44,22,7.5,48.5,2,0,3,0,0,0,9,0,16,7,9,25,802
297t,Jeff Okudah,6393decb4e48fdec9c1973f6,13,44,10,0,0,0,58,3,0,0,0,1,0,0,0,0,0,593
305t,Shy Tuttle,6393dfcaffee7578cffb6dae,17,43,24,0.5,0,0,0,5,0,0,0,1,0,1,0,0,1,545
305t,Trey Hendrickson,6393e16ac7099552f747d5ec,17,43,15,17.5,121.5,3,2,3,0,0,0,16,3,25,7,8,35,741
305t,Larry Ogunjobi,6393e16a6dadddc838244ebd,17,43,22,3,16,1,5,2,0,0,0,3,0,8,5,3,11,760
305t,Vita Vea,6393e10a73e62c17f261860f,15,43,15,5.5,31.5,2,2,0,0,0,0,8,0,9,3,4,13,603
305t,Jaylon Jones,6526d36d5906546d2e988780,17,43,11,0,0,0,62,5,0,0,0,1,0,0,0,0,0,787
305t,Joe Tryon-Shoyinka,6393deee73e62c17f26117e6,17,43,17,5,39,1,8,1,0,0,0,7,17,7,4,4,13,574
305t,Jaelan Phillips,6393ddcd73e62c17f260ea6d,8,43,15,6.5,36.5,0,4,2,1,0,0,7,8,11,4,6,17,366
305t,Kei'Trel Clark,6526d3a32fa16ce9e61613b8,14,43,6,0,0,0,41,4,0,0,0,2,1,0,0,0,0,464
305t,Josh Sweat,6393e0fbc7099552f747b963,17,43,13,6.5,49.5,2,4,1,0,0,0,7,15,23,16,14,37,823
305t,Jordan Howden,6526d39c5906546d2e98961c,16,43,20,1,12,1,27,5,0,0,0,0,12,1,1,0,2,567
305t,Jonathan Harris,6526d35114f02fc45f540ec6,17,43,17,1,1,0,1,0,0,0,0,4,0,4,2,0,3,528
305t,Cameron Jordan,6396551357b9fbc69ebbd759,17,43,23,2,8,0,5,3,0,0,0,3,2,6,3,12,18,766
305t,Marcus Peters,6396395b40970877a43149f6,12,43,15,0,0,0,65,5,1,1,0,1,1,0,0,0,0,731
305t,Jadeveon Clowney,63965361926e4df2104a4b7d,17,43,19,9.5,51,2,2,5,0,0,0,9,7,19,9,4,23,648
319t,Michael Pierce,639644201553308e4e3d3455,17,42,18,1,22,1,1,2,0,0,0,2,1,3,2,1,4,640
319t,Anthony Walker Jr.,6393e1776dadddc8382454d7,12,42,21,0,0,1,21,4,0,0,0,1,25,2,2,0,2,454
319t,Milton Williams,6393dd9d73e62c17f260c46f,16,42,21,0.5,3,1,0,1,0,0,0,3,0,7,6,6,13,490
319t,Roy Lopez,6393ddd44e48fdec9c19543f,14,42,20,0,0,0,0,0,0,0,0,2,0,1,1,4,5,393
319t,Greg Rousseau,6393dee66dadddc83823d71f,16,42,12,5,33.5,1,4,4,0,0,0,12,0,18,12,7,25,581
319t,Patrick Peterson,639654e0215be9feb896c93a,17,42,8,0,0,0,64,11,2,0,0,0,6,0,0,0,0,1091
319t,Joey Porter Jr.,6526d38d14f02fc45f541805,17,42,11,0,0,0,63,10,1,0,0,1,1,0,0,0,0,803
319t,Bryan Cook,6391054863b0801348bad13c,12,42,16,0,0,0,24,2,1,0,0,1,0,0,0,0,0,591
319t,Myles Garrett,6393e159c7099552f747cef3,16,42,9,14,101.5,4,1,3,0,0,0,17,0,30,16,6,37,803
319t,Carrington Valentine,6526d3cba78ccf43a2e5812e,17,42,11,0,0,0,59,9,0,0,0,0,0,0,0,0,0,689
319t,Julius Brents,6526d36c5906546d2e988720,9,42,13,0,0,1,52,6,1,0,0,0,0,0,0,0,0,497
330t,Kwon Alexander,6396392174bd36db118b4bd3,9,41,9,1,3,1,26,1,1,0,0,5,28,2,1,0,2,359
330t,Maliek Collins,639638b4071a18e16babefd3,16,41,22,5,39,0,0,1,0,0,0,8,0,18,10,11,28,692
330t,Zaven Collins,6393ddc4ffee7578cffb2969,17,41,14,3.5,30.5,0,9,3,1,0,0,6,22,6,2,6,12,635
330t,Ambry Thomas,6393deca6dadddc83823cafa,15,41,8,0,0,1,57,7,1,0,0,0,0,0,0,0,0,477
330t,Terrell Edmunds,6393e1014e48fdec9c19eaa2,16,41,14,2.5,11,1,30,2,1,0,0,2,15,2,0,1,4,471
330t,Mekhi Blackmon,6526d3cb2fa16ce9e61620dc,15,41,7,0,0,0,52,8,1,0,0,3,0,0,0,0,0,432
330t,Grover Stewart,6526d36e5906546d2e98885c,11,41,18,0.5,2,0,2,0,0,0,0,5,0,8,4,1,6,445
330t,Dennis Gardeck,6526d3a22fa16ce9e6161335,17,41,10,6,52,1,13,4,0,0,0,7,31,12,6,8,20,509
330t,Dee Alford,6526d3985906546d2e989302,16,41,16,0,0,0,62,6,0,0,0,2,11,0,0,2,2,569
339t,BJ Ojulari,6526d3a32fa16ce9e616140b,17,40,17,4,28,0,8,1,0,0,0,5,13,6,2,2,8,409
339t,Malcolm Koonce,6393dde273e62c17f260f554,17,40,11,8,52,3,2,0,0,0,0,9,3,17,8,7,23,502
339t,Andrew Wingard,6393dfd54e48fdec9c198758,17,40,10,0,0,1,18,2,1,0,0,1,3,1,1,0,1,328
339t,John Johnson III,6393e18ec7099552f747e1db,17,40,18,0,0,0,26,6,2,0,0,0,5,0,0,1,1,513
339t,Quan Martin,6526d3b114f02fc45f5427e4,16,40,18,1,0,0,30,4,2,0,0,1,14,1,0,0,1,363
344t,Shaquill Griffin,6393e18b6dadddc838245d6d,13,39,10,0,0,0,43,5,1,0,0,0,1,0,0,0,0,458
344t,Bud Dupree,6396392074bd36db118b4bbc,16,39,22,6.5,28.5,2,6,3,0,0,0,8,33,8,3,13,24,723
344t,CJ Henderson,6393dea34e48fdec9c1966b5,12,39,8,1,8,0,37,2,0,0,0,3,4,1,0,0,1,407
344t,Derek Stingley Jr.,639105074241d1eb7fab83b2,11,39,11,0,0,0,48,13,5,0,0,1,0,0,0,0,0,679
344t,Corey Ballentine,6526d3cba78ccf43a2e58176,14,39,15,0,0,0,48,7,1,0,0,0,0,0,0,0,0,486
349t,Levi Wallace,6393e0cbc7099552f747acae,16,38,6,0,0,0,75,11,2,0,0,0,0,0,0,0,0,722
349t,Sydney Brown,6526d3b814f02fc45f542b83,14,38,13,0,0,1,24,3,1,1,0,1,6,0,0,0,0,334
349t,Lawrence Guy Sr.,63965516926e4df2104aaa63,17,38,22,0,0,0,0,1,0,0,0,1,0,0,0,0,0,518
349t,Dorance Armstrong,6393e0e34e48fdec9c19d6e7,17,38,18,7.5,40.5,0,3,1,0,0,0,7,0,12,3,3,15,444
349t,Duke Riley,6393e1574e48fdec9c1a0454,17,38,12,0.5,0.5,1,23,1,0,0,0,0,16,2,1,1,3,391
349t,Cobie Durant,639105854241d1eb7faba34a,16,38,16,0,0,0,39,6,0,0,0,0,11,2,2,0,2,639
349t,Emmanuel Forbes Jr.,6526d3b014f02fc45f5426c4,14,38,3,0,0,0,61,11,1,0,0,2,0,0,0,0,0,481
349t,Dayo Odeyingbo,6393dd894e48fdec9c19375e,17,38,16,8,53,2,1,2,0,0,0,9,4,17,7,5,22,623
349t,Starling Thomas V,6526d3a22fa16ce9e616133d,12,38,3,0,0,0,49,5,0,0,0,1,1,0,0,0,0,472
349t,YaYa Diaby,6526d39014f02fc45f5419e6,17,38,13,7.5,48,1,8,0,0,0,0,12,21,8,2,4,14,509
349t,Haason Reddick,6393e18e6dadddc838245f2c,17,38,9,11,80,1,12,1,0,0,0,13,40,23,12,11,35,859
349t,Malcolm Roach,6393debb73e62c17f261070f,12,38,25,0,0,0,0,3,0,0,0,3,0,1,1,0,1,287
361t,Sheldon Rankins,639638cc8850e971e42c21a7,15,37,8,6,54,1,3,0,0,0,0,9,0,10,3,3,12,592
361t,Eddie Jackson,6393e15a73e62c17f261a204,12,37,5,0,0,0,30,5,1,0,0,0,1,0,0,0,0,644
361t,Anthony Nelson,6390fef5c287e03c584e4706,16,37,19,3,18,0,8,1,0,0,0,7,15,6,3,2,8,401
361t,Jack Jones,6391055c63b0801348badc5a,12,37,9,0,0,0,43,5,2,2,0,1,1,1,1,0,1,470
361t,Dane Jackson,6393dee6ffee7578cffb5604,15,37,5,0,0,1,35,5,0,0,0,0,1,0,0,0,0,457
361t,Marcus Maye,6393e1564e48fdec9c1a0383,7,37,10,1,0,0,13,2,2,0,0,3,6,0,0,1,2,444
367t,Antonio Hamilton Sr.,6526d3a32fa16ce9e61613a5,14,36,11,0,0,0,49,11,1,0,0,0,4,0,0,0,0,557
367t,Sebastian Joseph-Day,6393e0eb4e48fdec9c19dd22,16,36,17,3,10,0,0,0,0,0,0,3,2,11,7,1,11,603
367t,Travis Jones,639105714241d1eb7fab9afd,17,36,16,1.5,7.5,0,1,2,0,0,0,4,0,5,2,0,4,448
367t,Cor'Dale Flott,639105074241d1eb7fab83a8,14,36,11,0,0,1,57,5,1,0,0,0,11,0,0,1,1,520
367t,Jaylon Johnson,6393deea4e48fdec9c197cab,14,36,5,0,0,1,58,10,4,1,0,1,1,0,0,0,0,806
367t,Devin Bush,6393dffa73e62c17f2614453,13,36,19,0,0,0,15,0,0,0,0,5,5,0,0,0,0,250
367t,Dean Marlowe,6396390874bd36db118b4610,16,36,8,1,0,0,18,0,0,0,0,1,0,0,0,0,1,297
367t,Devonte Wyatt,63910517219d1455f3dfe831,17,36,18,5.5,35.5,0,0,0,0,0,0,6,0,11,4,5,16,546
367t,DeAndre Houston-Carson,6396387440970877a430f9e3,13,36,15,0,0,0,20,5,2,0,0,1,0,0,0,0,0,477
367t,John Cominsky,6526d3c92fa16ce9e6162049,16,36,22,2,16,0,2,1,0,0,0,2,0,8,6,4,12,564
367t,Yetur Gross-Matos,6393dec76dadddc83823c924,12,36,17,4.5,18.5,0,2,0,0,0,0,7,10,10,5,1,11,464
367t,Keeanu Benton,6526d38d14f02fc45f54179d,17,36,20,1,9,2,0,2,0,0,0,1,0,8,6,2,9,479
379t,Jamien Sherwood,6393dd8dc7099552f74710e7,17,35,18,0,0,1,5,1,0,0,0,3,3,0,0,0,0,191
379t,Lorenzo Carter,6393e0c86dadddc83824423f,17,35,11,3,33,1,3,1,0,0,0,6,8,9,6,2,11,430
379t,Kingsley Enagbare,639105024241d1eb7fab82aa,17,35,10,2,9,1,3,1,0,0,0,8,51,6,4,5,11,449
379t,Damarri Mathis,63910558219d1455f3e00a54,17,35,9,0,0,0,39,1,0,0,0,2,3,0,0,0,0,440
379t,Tre Hawkins III,6526d3c72fa16ce9e6161ee2,17,35,11,0,0,0,30,1,0,0,0,0,0,0,0,0,0,345
379t,Dorian Williams,6526d3512fa16ce9e61606e9,17,35,15,0,0,0,24,1,0,0,0,0,11,2,2,0,2,210
379t,Deion Jones,6393e04b4e48fdec9c19b361,13,35,13,1,8,0,24,6,1,0,0,4,15,1,0,0,1,312
386t,Quinton Jefferson,639638b8071a18e16babf421,14,34,21,6,20,1,2,0,0,0,0,4,0,13,5,5,18,465
386t,Rodney Thomas II,639105c24241d1eb7fabb7eb,17,34,4,0,0,0,27,4,2,0,0,0,2,0,0,0,0,961
386t,Denzel Ward,6393e0eb4e48fdec9c19dc52,13,34,4,0,0,1,66,11,2,0,0,1,2,0,0,0,0,616
386t,Tre Brown,6393ddac4e48fdec9c193f1b,15,34,5,1,5,2,46,6,2,1,0,2,3,1,0,0,1,601
386t,D.J. Reader,639638cf071a18e16babff0b,14,34,14,1,9,0,0,1,0,0,0,2,0,7,6,3,10,534
386t,Roy Robertson-Harris,639638a740970877a43104f6,17,34,18,3.5,26.5,0,2,1,0,0,0,3,0,11,6,4,14,681
386t,Montaric Brown,6391050e63b0801348babe6e,12,34,9,0,0,0,56,4,0,0,0,0,1,0,0,0,0,473
386t,Darrell Baker Jr.,639105404241d1eb7fab97c4,14,34,7,0,0,0,50,7,0,0,0,0,0,0,0,1,1,469
386t,Ji'Ayir Brown,6526d3a05906546d2e989997,15,34,13,0,0,0,16,4,2,0,0,0,6,0,0,1,1,390
386t,Arthur Maulet,6393e186ffee7578cffb6e51,14,34,5,2,17,0,49,5,1,0,0,5,10,3,1,0,3,399
396t,Fletcher Cox,63965456926e4df2104a91e1,15,33,18,5,20.5,1,4,2,0,0,0,3,0,17,8,13,28,677
396t,Mykal Walker,6393deadffee7578cffb47b7,8,33,12,0,0,0,26,2,1,0,0,2,12,0,0,0,0,292
396t,Nick Niemann,6393ddaf73e62c17f260da9a,17,33,18,0,0,0,14,1,0,0,0,1,12,1,1,0,1,246
396t,Jalen Carter,6526d3b714f02fc45f542ad8,16,33,13,6,33.5,2,1,0,0,0,0,8,0,9,2,9,18,555
396t,Cameron Heyward,63965504926e4df2104aa3a6,11,33,8,2,14,0,0,1,0,0,0,6,0,3,0,3,5,441
396t,Zach Harrison,6526d3995906546d2e989332,16,33,15,3,10,0,0,1,0,0,0,4,0,5,1,5,9,342
396t,Mack Wilson Sr.,6393dfcd6dadddc83823faeb,17,33,13,3.5,20.5,2,12,3,0,0,0,4,30,4,1,6,11,305
396t,Michael Jackson,6390ffaf79e1e4ae342fbdda,17,33,6,0,0,0,37,5,0,0,0,2,2,0,0,0,0,473
396t,DeShawn Williams,6396395174bd36db118b62da,16,33,20,1,7,0,0,1,0,0,0,2,1,7,6,2,9,443
396t,John Franklin-Myers,6393e08773e62c17f26147c7,17,33,18,3.5,37.5,0,2,3,0,0,0,6,0,14,9,14,27,624
406t,Leonard Floyd,6396389574bd36db118b3906,17,32,11,10.5,66,1,6,1,0,0,0,9,6,19,7,6,25,576
406t,Khalil Davis,6393dec34e48fdec9c197103,15,32,16,2,18,1,0,2,0,0,0,6,0,6,5,3,10,417
406t,Alim McNeill,6393ddcd4e48fdec9c194f2f,13,32,15,5,43,1,0,1,0,0,0,6,1,10,5,3,13,556
406t,Nick Williams,6526d352a78ccf43a2e56900,14,32,16,1,8,0,1,0,0,0,0,7,1,1,0,2,3,399
406t,Jerry Hughes,6396558a215be9feb896eec9,17,32,9,3,28,1,1,0,0,0,0,4,5,3,0,6,9,471
406t,DeMarcco Hellams,6526d3995906546d2e98934a,15,32,15,0,0,0,19,0,0,0,0,1,2,1,0,1,1,369
406t,Jakorian Bennett,6526d3529ed9a52170f99552,14,32,8,0,0,0,38,3,0,0,0,0,0,0,0,0,0,361
406t,Lukas Van Ness,6526d3cba78ccf43a2e5809a,17,32,8,4,31,0,1,1,0,0,0,8,16,10,6,2,12,363
414t,Ogbonnia Okoronkwo,6393e0e34e48fdec9c19d79c,14,31,9,4.5,24,0,5,1,0,0,0,12,3,8,3,4,12,443
414t,Bobby Brown III,6393dd8fc7099552f7471267,13,31,15,0.5,2.5,0,0,0,0,0,0,4,0,1,0,1,2,309
414t,John Ridgeway III,6391050e63b0801348babe7d,17,31,15,0,0,0,1,1,0,0,0,0,0,0,0,0,0,352
414t,Solomon Thomas,6393e1a14e48fdec9c1a13c5,17,31,16,5,33,0,0,1,0,0,0,7,0,6,0,2,8,481
414t,Nick Thurman,6393e0f7c7099552f747b71b,17,31,18,0,0,0,0,0,0,0,0,2,0,1,1,1,2,367
414t,Tre Avery,6391053b4241d1eb7fab96e3,15,31,5,0,0,0,44,2,0,0,0,2,1,0,0,0,0,359
414t,Ifeatu Melifonwu,6393ddcb4e48fdec9c194d5f,17,31,9,3,30,1,28,8,2,0,0,4,13,5,2,0,5,397
414t,Jerry Tillery,6393e0214e48fdec9c19a8bb,17,31,20,2,11,0,0,0,0,0,0,2,0,6,4,3,9,503
414t,Isaac Yiadom,6393e0fb4e48fdec9c19e865,17,31,12,0,0,0,47,14,1,0,0,0,3,0,0,1,1,513
414t,Pat Jones II,6393ddd04e48fdec9c1951a0,17,31,10,1,11,0,4,0,0,0,0,5,22,8,5,8,14,635
424t,DeMarcus Walker,6393e18effee7578cffb6ff1,17,30,13,3.5,30,0,1,0,0,0,0,9,2,16,12,5,22,711
424t,Derick Hall,6526d3b02fa16ce9e616181d,17,30,20,0,0,0,4,1,0,0,0,3,5,5,4,1,5,307
424t,Elijah Hicks,6391055f219d1455f3e00de5,17,30,15,0,0,0,19,1,0,0,0,0,2,0,0,0,0,484
424t,Nik Bonitto,639105314241d1eb7fab8e78,15,30,7,8,57.5,1,5,2,0,0,0,13,23,20,10,5,24,524
424t,Kyle Van Noy,639653b7215be9feb89690ff,14,30,10,9,66,2,6,4,0,0,0,9,10,9,2,1,12,481
424t,Matt Milano,6393e18ec7099552f747e1df,5,30,12,0,0,1,13,2,2,0,0,1,8,1,1,0,1,210
424t,Nakobe Dean,63910517219d1455f3dfe87e,5,30,8,0.5,4,0,14,0,0,0,0,2,6,1,0,0,1,182
424t,Leighton Vander Esch,6393e0cfc7099552f747af72,5,30,13,0,0,0,13,0,0,0,0,1,18,0,0,0,0,267
424t,Jaylen Watson,63910560219d1455f3e00f8d,16,30,5,2,17,0,48,6,0,0,0,2,7,2,0,0,2,437
424t,Nick Cross,639105384241d1eb7fab9443,17,30,15,0,0,0,10,2,1,0,0,1,5,0,0,0,0,292
424t,Arden Key,6393e0cac7099552f747aabc,17,30,13,6,43,2,3,2,0,0,0,4,23,12,5,7,19,725
424t,Chris Jones,6396389a8850e971e42c1a02,16,30,10,10.5,71.5,0,2,4,0,0,0,13,0,29,17,10,39,735
436t,Dane Belton,639105354241d1eb7fab927f,17,29,11,1,14,0,20,2,2,0,0,3,12,2,1,0,2,295
436t,Andre Chachere,6393e0d2c7099552f747b009,17,29,7,0,0,0,18,3,0,0,0,0,5,0,0,1,1,466
436t,Tyree Wilson,6526d3529ed9a52170f9953e,17,29,13,3.5,18,1,2,0,0,0,0,2,3,8,4,3,11,493
436t,Ja'Sir Taylor,63910551219d1455f3e00795,16,29,7,0,0,0,49,8,1,0,0,0,14,2,1,2,3,533
436t,Bryce Huff,6393ded74e48fdec9c1977e5,17,29,10,10,63.5,0,1,1,0,0,0,10,19,21,10,12,33,481
436t,Derrick Nnadi,6393e0fcc7099552f747b9d5,17,29,13,1,2,0,1,1,0,0,0,1,0,1,0,4,5,497
436t,Cam Sample,6393ddbe4e48fdec9c19455f,17,29,11,1.5,9,0,1,1,0,0,0,1,0,8,6,6,14,373
436t,Darrick Forrest,6393ddc073e62c17f260e38f,5,29,11,0,0,0,17,0,0,0,0,0,5,0,0,0,0,326
436t,Eric Rowe,6396395740970877a43147bc,3,29,7,0,0,1,21,2,1,0,0,1,1,0,0,0,0,154
445t,Jeremy Chinn,6393df0873e62c17f2612bcb,12,28,12,1,8,0,14,1,0,0,0,2,11,1,0,1,2,284
445t,Adrian Amos,6396393c40970877a4313b00,16,28,5,0,0,0,17,1,0,0,0,0,1,0,0,0,0,358
445t,Chamarri Conner,6526d3525906546d2e987ed6,17,28,5,0,0,0,20,1,1,0,0,2,12,0,0,2,2,304
445t,J.C. Jackson,6393e0e94e48fdec9c19db6f,10,28,3,0,0,0,64,9,1,0,0,0,2,0,0,0,0,521
445t,Clelin Ferrell,6393e00bc7099552f747578b,17,28,13,3.5,12.5,1,0,1,0,0,0,6,3,13,7,3,14,469
445t,Adam Butler,6393e15573e62c17f2619f7e,17,28,12,5,38,1,1,4,0,0,0,8,0,9,4,1,10,526
445t,Shelby Harris,6526d38614f02fc45f541447,17,28,11,1.5,13.5,1,1,5,0,0,0,6,0,3,3,4,9,436
445t,Dalvin Tomlinson,6393e15a73e62c17f261a200,16,28,16,3,12,0,1,0,0,0,0,4,0,12,8,2,14,615
445t,Charles Omenihu,6393dfe54e48fdec9c1992ba,11,28,10,7,49,2,2,2,0,0,0,5,0,11,2,2,12,403
445t,Darrell Taylor,6393de9f6dadddc83823c343,17,28,11,5.5,32,1,3,1,0,0,0,7,12,8,2,9,17,520
445t,Raekwon Davis,6393dea4ffee7578cffb444f,17,28,13,0.5,2.5,0,1,0,0,0,0,2,0,6,5,3,9,498
445t,Leki Fotu,6393deea4e48fdec9c197c4f,11,28,13,2.5,14,0,0,0,0,0,0,5,1,2,0,0,3,297
457t,Jaire Alexander,6393e0fec7099552f747baf0,7,27,4,0,0,1,33,5,0,0,0,1,1,0,0,0,0,441
457t,Micheal Clemons,6391050b4241d1eb7fab8633,16,27,13,0.5,4.5,1,0,0,0,0,0,2,1,1,0,2,3,365
457t,Johnathan Hankins,639653fe926e4df2104a7819,14,27,14,3,18,0,1,2,0,0,0,2,0,3,0,0,3,348
457t,Andrew Billings,639638b040970877a431086f,17,27,15,0,0,0,3,0,0,0,0,3,0,2,2,1,3,503
457t,Clark Phillips III,6526d3985906546d2e9892ee,11,27,5,0,0,0,36,5,0,0,0,1,2,0,1,0,1,414
457t,Tony Fields II,6393dda673e62c17f260d06b,17,27,18,0,0,0,11,0,0,0,0,0,10,0,0,0,0,233
457t,Arik Armstead,6396395e8850e971e42c489d,12,27,12,5,37,0,1,0,0,0,0,4,0,13,5,4,16,509
457t,Zack Baun,6393dec373e62c17f26109fa,17,27,10,2,15,0,11,2,1,0,0,4,25,4,2,4,8,303
457t,Za'Darius Smith,6396392074bd36db118b4b1b,16,27,9,5.5,37.5,1,3,3,0,0,0,8,4,20,14,9,29,580
457t,Victor Dimukeje,6393ddc773e62c17f260e7a5,16,27,11,4,27.5,1,4,1,0,0,0,5,9,8,3,3,11,385
457t,Jaycee Horn,6393dd88ffee7578cffb0c44,6,27,7,0,0,0,31,5,0,0,0,1,0,0,0,0,0,275
468t,Benito Jones,6393dea64e48fdec9c1966e5,17,26,13,1,8,0,1,0,0,0,0,3,0,6,4,2,7,562
468t,Rakeem Nunez-Roches,6396392c40970877a43131dc,16,26,12,0.5,5,0,2,1,0,0,0,1,0,1,0,2,3,460
468t,Marlon Humphrey,6393e15a73e62c17f261a1e4,10,26,4,0,0,0,45,5,1,0,0,1,3,1,1,0,1,534
468t,Adam Gotsis,639638d2071a18e16babffe5,17,26,8,1,3,0,2,4,0,0,0,3,0,7,5,6,12,426
468t,Calijah Kancey,6526d39014f02fc45f541a4e,14,26,7,4,22,0,1,1,0,0,0,10,0,12,6,3,13,573
468t,Keion White,6526d36c2fa16ce9e6160de4,16,26,14,1,9,0,1,3,0,0,0,3,0,5,3,9,13,519
468t,Delarrin Turner-Yell,639105314241d1eb7fab8e89,16,26,8,0,0,0,12,1,0,0,0,0,1,1,1,0,1,210
475t,Josh Paschal,63910507219d1455f3dfe64e,12,25,8,1,9,0,1,1,0,0,0,5,1,3,2,2,5,397
475t,Chase Young,6393decb4e48fdec9c1973ee,16,25,8,7.5,49,0,1,2,0,0,0,7,1,15,6,9,25,728
475t,Casey Toohill,6393deeeffee7578cffb595d,16,25,9,5,19,0,4,1,0,0,0,6,0,7,2,1,8,493
475t,Ronnie Hickman,6526d38614f02fc45f541457,10,25,8,0,0,0,11,3,1,1,0,0,2,0,0,1,1,308
475t,Alex Wright,63910520219d1455f3dfec8c,16,25,9,5,38,2,3,2,0,0,0,6,1,5,1,2,8,383
475t,Ashtyn Davis,6393deeb4e48fdec9c197d59,17,25,14,0,0,1,21,8,3,0,0,3,2,0,0,0,0,217
475t,Tavius Robinson,6526d386a78ccf43a2e5782f,17,25,13,1,7,0,3,0,0,0,0,2,0,1,0,1,2,335
475t,Tyquan Lewis,6393e0eb4e48fdec9c19dca9,17,25,7,4,28.5,0,2,3,0,0,0,9,0,13,6,2,13,439
475t,Baron Browning,6393ddb573e62c17f260dd61,10,25,6,4.5,28.5,2,6,2,0,0,0,4,26,9,2,3,10,442
475t,Mike Purcell,639653eb32e0836ab49da953,16,25,14,0,0,0,0,3,0,0,0,1,0,5,4,0,4,459
475t,Ronald Darby,6396394e74bd36db118b6096,16,25,4,0,0,0,43,7,0,0,0,1,0,0,0,0,0,441
475t,Mark Robinson,6391050e4241d1eb7fab8717,17,25,8,1,8,1,7,0,0,0,0,1,7,1,0,0,1,150
475t,Javon Kinlaw,6393de9e4e48fdec9c19656d,17,25,12,3.5,34.5,0,2,3,0,0,0,4,0,6,2,3,9,470
475t,Arnold Ebiketie,63910537219d1455f3dff7fa,17,25,9,6,40,2,14,1,0,0,0,3,27,12,4,5,16,385
489t,Greg Gaines,6393e015c7099552f7475e74,17,24,17,1,0,0,1,0,0,0,0,0,0,5,4,1,6,464
489t,Jaleel Johnson,6393e177c7099552f747db67,12,24,13,1,5,1,1,0,0,0,0,0,0,1,0,0,1,268
489t,Teair Tart,6393deb773e62c17f261030f,13,24,7,1,7,0,0,0,0,0,0,8,0,4,3,1,5,376
489t,Jihad Ward,639638b4071a18e16babf0c7,17,24,8,5,25,1,2,0,0,0,0,5,78,9,4,5,15,663
489t,Montravius Adams,6393e1574e48fdec9c1a0520,13,24,13,0,0,1,1,1,0,0,0,2,1,0,0,3,3,411
489t,Dee Delaney,6393e1024e48fdec9c19eae2,17,24,8,0,0,0,33,5,2,0,0,1,0,0,0,0,0,445
489t,Folorunso Fatukasi,6393e0fb73e62c17f2617f5c,16,24,8,0,0,0,0,1,0,0,0,3,0,2,2,2,4,414
489t,Jeremiah Ledbetter,6393e15a6dadddc83824471a,17,24,17,0,0,0,3,1,0,0,0,1,0,1,1,2,3,373
489t,Johnathan Abram,6393dfd2c7099552f7473882,9,24,12,0,0,1,13,1,1,0,0,1,4,0,0,0,0,206
489t,Bryan Bresee,6526d39c5906546d2e9895bc,17,24,12,4.5,42,0,2,6,0,0,0,7,0,9,3,5,13,539
499t,D'Anthony Bell,6526d38714f02fc45f5414b3,17,23,3,0,0,1,18,4,2,0,0,4,10,1,1,0,1,225
499t,Sam Franklin Jr.,6393dedd6dadddc83823cfb5,17,23,10,0,0,0,16,3,1,1,0,0,0,0,0,0,0,287
499t,Luke Masterson,63910551219d1455f3e00778,16,23,10,0,0,2,19,1,0,0,0,0,2,0,0,0,0,182
499t,Odafe Oweh,6393ddb1ffee7578cffb1f07,13,23,3,5,32,2,4,0,0,0,0,4,1,12,8,2,15,433
499t,Jack Cochrane,6526d3515906546d2e987e3a,17,23,7,0,0,0,10,1,0,0,0,2,10,0,0,0,0,181
499t,Rodney McLeod,63965485215be9feb896c336,10,23,13,0,0,0,12,1,0,0,0,2,3,0,0,0,0,281
499t,Zach Carter,6391050763b0801348babc9b,17,23,15,0,0,1,3,1,0,0,0,1,0,2,2,1,3,500
499t,Shaun Wade,6393ddb573e62c17f260dd53,14,23,2,0,0,0,34,1,0,0,0,2,0,0,0,0,0,347
499t,Grady Jarrett,6396395074bd36db118b62c6,8,23,14,1.5,10.5,0,0,2,0,0,0,2,0,8,6,2,10,318
499t,Garrett Williams,6526d3a32fa16ce9e6161400,9,23,4,0,0,0,27,2,1,0,0,1,1,0,0,0,0,359
499t,Ta'Quon Graham,6393dda74e48fdec9c193c4b,15,23,17,1,6,1,0,0,0,0,0,1,0,2,1,0,2,363
499t,Anthony Johnson Jr.,6526d3cca78ccf43a2e58196,12,23,6,0,0,0,13,3,1,0,0,0,0,0,0,0,0,297
511t,Kyle Peko,639638d88850e971e42c278f,13,22,10,0,0,0,1,1,0,0,0,2,0,2,2,2,4,340
511t,Sam Williams,6391050e4241d1eb7fab875b,17,22,11,4.5,25.5,1,2,0,0,0,1,5,11,7,3,2,10,304
511t,Marlon Tuipulotu,6393ddd173e62c17f260ec0a,14,22,9,2,7,0,1,0,0,0,0,3,0,2,0,1,3,161
511t,Yannick Ngakoue,639638b8071a18e16babf429,13,22,9,4,25,0,1,0,0,0,0,6,3,7,3,4,11,590
511t,Taven Bryan,6393e0c973e62c17f26165b6,17,22,10,2,9,1,0,0,0,0,0,4,0,1,0,2,4,343
511t,Derek Barnett,6393e1544e48fdec9c1a0246,14,22,10,2.5,18,0,0,1,0,0,0,9,2,11,8,0,11,311
511t,Drew Sanders,6526d35214f02fc45f540f2a,17,22,11,0,0,0,13,0,0,0,0,1,12,0,1,1,2,260
511t,Artie Burns,639638d28850e971e42c24f2,14,22,10,0,0,0,20,2,0,0,0,2,4,0,0,0,0,233
511t,Kevin Givens,6393dff173e62c17f2613f18,17,22,10,1.5,12,0,3,1,0,0,0,3,0,4,2,0,4,395
511t,Bradley Roby,6396538c32e0836ab49d8fa6,9,22,3,0,0,1,33,0,0,0,0,2,5,1,1,0,1,344
511t,James Smith-Williams,6393dee26dadddc83823d4cc,13,22,11,1,1,0,3,0,0,0,0,2,1,8,7,1,9,417
511t,Kurt Hinish,63910570219d1455f3e01477,17,22,11,0.5,4,0,1,1,0,0,0,2,0,2,1,1,3,461
511t,Logan Hall,6391054d219d1455f3e0051d,16,22,11,0.5,1.5,0,0,2,0,0,0,2,0,1,0,1,2,538
511t,Eric Garror,6526d37fa78ccf43a2e5734f,12,22,3,0,0,0,32,2,0,0,0,1,1,1,1,0,1,349
511t,Brent Urban,6396539c32e0836ab49d9624,17,22,6,3,26,0,2,2,0,0,0,5,0,6,2,2,7,279
511t,Nick McCloud,6393ddd14e48fdec9c195266,17,22,8,0,0,3,23,2,1,0,0,0,2,0,0,0,0,312
511t,Jalen Ramsey,639638cb8850e971e42c20c8,10,22,4,0,0,0,39,5,3,0,0,0,2,0,0,0,0,582
511t,Maurice Hurst II,6393e0e973e62c17f26176b3,13,22,10,1.5,13.5,0,3,3,1,0,0,4,0,5,3,2,7,302
511t,Nick Herbig,6526d38d14f02fc45f541749,17,22,8,3,24,2,4,0,0,0,0,5,7,3,0,0,3,190
511t,Albert Huggins,6393e00bc7099552f7475758,13,22,15,0,0,0,1,0,0,0,0,0,0,2,1,0,1,317
531t,Jordan Elliott,6393de9effee7578cffb41b6,17,21,7,2.5,17.5,0,2,1,0,0,0,3,0,3,0,2,5,438
531t,Mike Hughes,6393e0f8c7099552f747b84c,15,21,7,0,0,0,19,1,0,0,0,2,4,0,0,0,0,332
531t,Mario Edwards Jr.,6396394e74bd36db118b609e,15,21,6,2,16,1,2,1,0,0,0,5,0,6,2,0,4,393
531t,Otito Ogbonnia,6391055b63b0801348badbac,8,21,11,0,0,0,0,0,0,0,0,0,0,2,2,0,2,223
531t,Cameron Thomas,639105174241d1eb7fab8b18,15,21,9,0,0,0,0,1,0,0,0,3,0,1,1,3,4,354
531t,Essang Bassey,6393dedfffee7578cffb5229,15,21,8,0,0,0,21,3,0,0,0,0,4,0,0,0,0,351
531t,Trenton Thompson,639105174241d1eb7fab8ac3,6,21,3,0,0,0,13,3,1,0,0,0,3,0,0,1,1,212
531t,Chauncey Golston,6393ddaf73e62c17f260da8a,17,21,14,1.5,12,1,1,0,0,0,0,1,1,3,2,2,6,303
531t,M.J. Stewart,6393e10073e62c17f26181ec,8,21,9,0,0,1,13,0,0,0,0,0,4,0,1,0,1,166
531t,Tershawn Wharton,6526d3515906546d2e987e32,17,21,14,2,12,0,1,0,0,0,0,2,0,5,3,1,6,399
541t,Myles Murphy,6526d386a78ccf43a2e577cc,17,20,10,3,10,0,3,0,0,0,0,3,0,3,0,3,6,303
541t,Tyler Hall,6393deaa4e48fdec9c196ac2,11,20,4,0,0,0,15,0,0,0,0,0,6,0,0,1,1,161
541t,Chandon Sullivan,6393e0f34e48fdec9c19e36b,17,20,8,0,0,1,28,6,1,0,0,1,34,0,0,3,3,420
541t,A.J. Epenesa,6393dec64e48fdec9c197166,15,20,11,6.5,40,1,3,8,2,1,0,7,1,10,3,4,14,384
541t,Randy Gregory,6396393940970877a4313997,16,20,6,3.5,23,0,5,1,0,0,0,6,7,10,6,3,13,422
541t,Emmanuel Ogbah,639638ac40970877a431077f,15,20,13,5.5,33,1,0,2,1,0,0,3,1,9,2,6,15,246
541t,Gervon Dexter Sr.,6526d3caa78ccf43a2e58054,17,20,7,2.5,11,0,1,2,0,0,0,0,0,12,9,4,17,430
541t,Deane Leonard,6391050e4241d1eb7fab87c3,11,20,6,0,0,1,26,3,0,0,0,1,1,0,0,0,0,221
541t,Duron Harmon,6396541f215be9feb896ab12,7,20,4,1,9,0,13,2,1,0,0,4,7,1,0,0,1,214
541t,Karl Brooks,6526d3cba78ccf43a2e5814e,17,20,8,4,31,1,1,4,0,0,0,6,0,5,1,4,9,379
541t,Zacch Pickens,6526d3c9a78ccf43a2e57fc9,17,20,11,0.5,4.5,1,0,1,0,0,0,1,0,2,1,1,3,263
541t,Eric Wilson,6393e18ac7099552f747e064,17,20,15,0,0,0,13,0,0,0,0,0,9,1,1,0,1,123
541t,Joey Bosa,639638ba40970877a4310cc7,9,20,6,6.5,59,1,0,1,0,0,0,6,3,8,2,6,15,320
541t,Markus Golden,6396391d40970877a431257f,16,20,6,4,25,0,2,1,0,0,0,6,14,10,5,0,9,230
555t,Tanoh Kpassagnon,6393e12f4e48fdec9c19f50b,17,19,7,3.5,24,0,0,2,0,0,0,4,0,9,5,4,13,407
555t,David Long Jr.,6393dffa73e62c17f26144d6,14,19,4,0,0,0,23,1,0,0,0,0,0,0,0,0,0,190
555t,Juanyeh Thomas,63910556219d1455f3e008a8,16,19,8,0,0,0,16,4,0,0,0,0,1,0,0,0,0,192
555t,Mike Ford,6393e08873e62c17f26148d4,16,19,6,0,0,0,22,2,1,0,0,0,3,0,0,0,0,158
555t,LaBryan Ray,6391050a4241d1eb7fab854c,17,19,12,0,0,0,0,0,0,0,0,0,0,0,0,0,0,356
555t,Matt Henningsen,639105334241d1eb7fab905a,17,19,9,0,0,0,3,2,0,0,0,0,0,1,1,0,1,226
555t,Ronnie Harrison Jr.,6393e0cbc7099552f747acdd,7,19,9,1,10,0,5,2,2,1,0,1,3,1,0,0,1,234
555t,Greg Stroman Jr.,6393e1014e48fdec9c19ea96,7,19,7,1,9,0,16,1,1,0,0,3,11,1,0,0,1,148
555t,Josh Tupou,6393e19d4e48fdec9c1a12df,14,19,11,0,0,0,0,0,0,0,0,1,0,1,1,0,1,286
555t,KJ Henry,6526d3b214f02fc45f5427f4,10,19,5,1.5,4.5,0,1,2,0,0,0,4,2,2,0,0,2,281
555t,William Gholston,639653fa32e0836ab49db430,16,19,9,0,0,0,0,2,1,0,0,0,0,0,0,0,0,239
555t,K.J. Britt,6393dd8cc7099552f747106f,16,19,13,0,0,0,7,1,0,0,0,1,11,0,0,0,0,158
567t,Cameron Young,6526d3b02fa16ce9e616188f,16,18,8,0,0,0,0,1,0,0,0,1,0,1,1,1,2,201
567t,Broderick Washington,6393debf4e48fdec9c196d66,16,18,8,2,15,0,0,0,0,0,0,3,0,5,3,2,7,407
567t,Troy Reeder,6393e02d6dadddc83824103e,17,18,12,0,0,0,9,0,0,0,0,0,8,0,0,0,0,195
567t,Eli Ricks,6526d3b814f02fc45f542b5b,16,18,6,0,0,0,32,3,0,0,0,1,0,0,0,0,0,300
567t,Tre Flowers,6393e0dd73e62c17f2616dee,17,18,6,0,0,0,14,2,0,0,0,1,3,0,0,0,0,200
567t,Kentavius Street,6393e0fe4e48fdec9c19e9b4,13,18,7,1,2,0,0,1,0,0,0,4,0,1,0,0,1,265
567t,Terrell Burgess,6393deea4e48fdec9c197c6d,12,18,8,0,0,0,8,0,0,0,0,0,0,0,0,0,0,120
567t,Troy Andersen,6391057763b0801348baec4a,2,18,12,0.5,3.5,0,9,0,0,0,0,1,8,1,0,0,1,139
575t,Segun Olubi,639105184241d1eb7fab8b7c,15,17,6,0,0,0,3,1,1,0,0,0,0,0,0,0,0,115
575t,Cameron Mitchell,6526d38714f02fc45f5414a7,13,17,2,1,0,0,26,2,0,0,0,1,8,1,0,0,1,276
575t,Colby Wooden,6526d3cba78ccf43a2e58092,17,17,7,0.5,5,0,1,0,0,0,0,1,0,2,1,3,5,252
575t,Monty Rice,6393dd89c7099552f7470dc3,12,17,12,0,0,0,3,0,0,0,0,1,3,1,1,1,2,86
575t,Will Harris,6393e007c7099552f74755b8,17,17,6,0,0,0,19,2,1,0,0,1,6,1,0,1,1,191
575t,Isaiah Pola-Mao,6391055963b0801348bad99c,16,17,6,1,7,0,8,1,1,0,0,1,0,1,0,0,1,130
575t,Demetrius Flannigan-Fowles,6393e011c7099552f7475b4f,16,17,7,0,0,0,4,1,0,0,0,4,2,0,0,0,0,160
575t,Myles Jack,639638d5071a18e16bac0167,3,17,5,1,11,0,11,0,0,0,0,1,5,2,1,0,2,130
575t,Malik Harrison,6393decb4e48fdec9c197315,14,17,7,0,0,0,5,0,0,0,0,0,7,1,1,1,2,197
575t,Danny Johnson,6393e0a3c7099552f7479ac3,13,17,4,0,0,0,22,1,0,0,0,0,5,0,0,1,1,210
575t,Joshua Williams,6526d3525906546d2e987ec2,16,17,4,0,0,0,29,5,0,0,0,1,1,0,0,0,0,321
575t,C.J. Gardner-Johnson,6393dfcd73e62c17f2613e04,3,17,1,0,0,0,8,3,1,0,0,0,5,0,0,2,2,186
575t,Naquan Jones,6393ddb3ffee7578cffb21b4,12,17,14,0,0,0,1,0,0,0,0,1,0,0,0,0,0,170
575t,Da'Shawn Hand,6393e0ccc7099552f747ad2e,16,17,11,1,11,0,1,2,0,0,0,1,0,3,2,2,5,199
575t,Christian Gonzalez,6526d36d2fa16ce9e6160e20,4,17,3,1,8,0,32,3,1,0,0,1,3,1,0,1,2,209
575t,Amare Barno,63910557219d1455f3e009d8,15,17,8,0,0,0,1,0,0,0,0,1,3,0,0,0,0,189
591t,Andre Smith Jr.,6393e10073e62c17f26181b0,11,16,6,0,0,1,5,1,0,0,0,0,2,0,0,0,0,113
591t,Otis Reese IV,6526d37ea78ccf43a2e572a7,7,16,9,0,0,0,7,0,0,0,0,0,1,0,0,0,0,90
591t,Theo Jackson,63910502219d1455f3dfe476,15,16,7,0,0,0,15,1,1,0,0,0,2,1,1,0,1,125
591t,Jaylon Jones,6391050e4241d1eb7fab870b,17,16,5,0,0,0,15,0,0,0,0,1,3,1,1,1,2,148
591t,Neville Gallimore,6393dec16dadddc83823c712,17,16,8,1,6,0,0,1,0,0,0,2,0,2,1,1,3,285
591t,Rashad Weaver,6393ddd04e48fdec9c19519c,15,16,9,0,0,0,1,1,0,0,0,4,0,0,0,2,2,240
591t,Marquis Haynes Sr.,6393e0cc6dadddc8382443bc,7,16,3,1,8,0,1,0,0,0,0,3,0,2,1,0,2,142
591t,Larrell Murchison,6393dee26dadddc83823d4c8,15,16,9,0,0,0,0,0,0,0,0,1,1,0,0,0,0,250
591t,Justin Hollins,6393e0174e48fdec9c19a1b6,12,16,6,1,4,0,2,0,0,0,0,1,11,1,0,2,3,197
591t,Uchenna Nwosu,6393e1034e48fdec9c19ebd5,6,16,4,2,14,2,0,0,0,0,0,4,9,6,4,2,8,283
591t,Kelee Ringo,6526d3b714f02fc45f542ab0,17,16,4,1,0,0,11,2,1,0,0,0,1,1,0,0,1,197
591t,Coby Bryant,6391054863b0801348bad126,9,16,4,0,0,1,14,0,0,0,0,0,7,1,1,1,2,147
591t,Azeez Ojulari,6393dd89c7099552f7470e01,11,16,7,2.5,11,0,4,0,0,0,0,3,64,7,5,8,16,424
591t,Christian Elliss,6393defd73e62c17f261210f,16,16,8,0,0,0,5,0,0,0,0,2,8,0,0,1,1,118
591t,Brandon Graham,6396556a32e0836ab49ddd3e,17,16,5,3,19,0,1,1,0,0,0,4,3,6,2,5,11,387
591t,Akeem Davis-Gaither,6393decf4e48fdec9c197428,13,16,7,0,0,0,8,0,0,0,0,1,4,0,0,0,0,97
591t,Josh Jobe,6391050b4241d1eb7fab8561,17,16,2,0,0,1,26,4,0,0,0,0,1,0,0,0,0,237
591t,Del'Shawn Phillips,6393dfeec7099552f7474b5a,17,16,13,0,0,1,7,0,0,0,0,1,0,0,0,0,0,81
591t,DaQuan Jones,63965388926e4df2104a52ec,7,16,8,2.5,17,0,0,0,0,0,0,4,0,5,2,4,9,173
591t,Isaiahh Loudermilk,6393ddae73e62c17f260d830,16,16,8,0,0,0,1,2,0,0,0,0,1,1,1,3,4,179
591t,Cam Lewis,6393e0206dadddc838240933,17,16,4,0,0,0,15,2,0,0,0,1,2,0,0,0,0,145
612t,DeMarvin Leal,6391050b4241d1eb7fab8684,12,15,5,1,2,0,0,1,0,0,0,2,0,2,1,0,2,205
612t,Rasheem Green,6393e1034e48fdec9c19ebc4,17,15,7,2,9,0,1,0,0,0,0,2,1,5,0,6,8,383
612t,Scott Matlock,6526d352a78ccf43a2e568a4,12,15,9,0,0,0,1,0,0,0,0,1,0,1,0,1,1,265
612t,Armon Watts,6393dfd1c7099552f7473733,15,15,9,0.5,4,0,0,0,0,0,0,0,0,3,2,4,7,270
612t,Eric Johnson II,6526d36d5906546d2e9887b8,14,15,9,1,5,0,0,0,0,0,0,1,0,3,1,0,3,264
612t,Dallis Flowers,6526d36d5906546d2e988750,4,15,4,0,0,0,20,3,0,0,0,1,0,0,0,0,0,304
612t,Jordan Phillips,6396393840970877a43138d1,14,15,5,2.5,23.5,0,1,5,0,0,0,2,0,5,3,1,7,387
612t,Josh Uche,6393deca6dadddc83823cabd,15,15,7,3,20,0,2,0,0,0,0,3,19,6,3,9,15,331
612t,Matt Dickerson,6393e104c7099552f747bc3c,12,15,8,0,0,0,2,0,0,0,0,1,0,0,0,0,0,190
612t,Khyiris Tonga,6393dde2c7099552f747233d,14,15,6,0,0,0,0,0,0,0,0,1,0,2,2,1,3,185
612t,Grayland Arnold,6393debf73e62c17f26108dc,8,15,6,0,0,1,10,0,0,0,0,1,2,0,0,0,0,144
612t,Malcolm Rodriguez,6391052963b0801348bac7a1,17,15,8,0,0,1,11,0,0,0,0,0,15,0,0,0,0,119
612t,Morgan Fox,6526d352a78ccf43a2e56918,17,15,4,5.5,36,0,2,0,0,0,0,5,2,10,4,6,16,437
625t,Felix Anudike-Uzomah,6526d3515906546d2e987dea,17,14,6,0.5,1,1,1,0,0,0,0,2,1,7,6,2,9,217
625t,Marte Mapu,6526d36c2fa16ce9e6160d74,17,14,6,0,0,1,15,1,1,0,0,0,5,0,0,0,0,202
625t,Amari Burney,6526d3539ed9a52170f99592,7,14,5,0,0,0,4,0,0,0,0,0,5,0,0,0,0,89
625t,Tim Settle,6393e1014e48fdec9c19ea3c,17,14,5,1,4,0,1,0,0,0,0,1,0,2,1,1,3,374
625t,Justin Evans,6393e15ac7099552f747cefb,4,14,6,0,0,1,14,2,0,0,0,0,0,0,0,0,0,195
625t,Kaevon Merriweather,6526d39014f02fc45f541a46,16,14,8,0,0,0,7,1,0,0,0,0,2,0,0,1,1,155
625t,Troy Dye,6393deef73e62c17f2611884,15,14,6,1,5,1,6,0,0,0,0,1,14,2,1,0,2,112
625t,Will McDonald IV,6526d3695906546d2e988608,15,14,5,3,25.5,1,0,0,0,0,0,4,0,5,2,1,7,182
625t,Antonio Johnson,6526d36d2fa16ce9e6160e54,13,14,4,1,4,1,15,3,2,0,0,0,7,1,0,0,1,173
625t,Dean Lowry,639638b740970877a4310c00,9,14,10,0,0,0,2,1,0,0,0,0,1,0,0,1,1,237
625t,Kaiir Elam,6391050763b0801348babcfc,3,14,4,0,0,0,14,0,0,0,0,0,2,0,0,0,0,156
625t,DJ Johnson,6526d39a5906546d2e9893d2,13,14,10,0,0,0,2,1,0,0,0,1,12,0,0,1,1,230
637t,K'Lavon Chaisson,6393dea273e62c17f260fabd,17,13,4,2,11,0,2,1,0,0,0,4,19,8,6,2,10,283
637t,Mazi Smith,6526d3b52fa16ce9e61619c6,17,13,4,1,9,0,0,0,0,0,0,3,1,3,2,0,3,303
637t,LaCale London,6393df0473e62c17f26128ea,7,13,7,0,0,0,1,0,0,0,0,2,0,0,0,0,0,204
637t,Dylan Horton,6526d3775906546d2e988bfc,10,13,5,0,0,0,2,0,0,0,0,1,0,2,2,0,2,175
637t,Adrian Phillips,6396428530e719c7bdf8e1a5,17,13,7,0,0,0,4,0,0,0,0,0,7,0,0,0,0,138
637t,Nolan Smith,6526d3b814f02fc45f542bb3,17,13,8,1,2,0,1,0,0,0,0,1,10,3,2,1,4,187
637t,D.J. Davidson,6391055c63b0801348badc36,15,13,7,0.5,3,0,0,2,0,0,0,1,0,1,0,0,1,243
637t,Shaq Lawson,639638cf071a18e16babfeeb,16,13,6,1,10,0,3,0,0,0,0,2,0,7,6,3,10,317
637t,Justin Bethel,6526d3655906546d2e9885a4,17,13,4,0.5,4.5,0,10,1,0,0,0,2,4,1,0,0,1,126
637t,Jaylinn Hawkins,6393deec4e48fdec9c197e0f,16,13,8,0,0,0,6,1,0,0,0,0,0,0,0,0,0,137
637t,Dante Fowler Jr.,6396392040970877a43127cf,17,13,5,4,21,1,1,3,0,0,0,5,1,7,2,5,12,270
637t,Angelo Blackson,6396392140970877a43128a0,11,13,5,0,0,0,1,0,0,0,0,2,0,0,0,1,1,214
637t,Charles Harris,6393e1534e48fdec9c1a0156,13,13,3,1.5,12.5,0,1,0,0,0,0,2,4,5,3,9,14,291
637t,Matthew Judon,6526d36c2fa16ce9e6160dd4,4,13,3,4,25,0,2,0,0,0,1,5,9,9,5,2,11,184
637t,Ronnie Perkins,6393ddac4e48fdec9c193f38,7,13,4,0,0,0,4,0,0,0,0,2,2,1,1,1,2,149
637t,Miles Killebrew,6396387b8850e971e42c0c2b,17,13,5,0,0,0,14,0,0,0,1,1,5,1,1,0,1,109
653t,Isaiah Buggs,6393dfcd6dadddc83823fb31,10,12,5,1,6,0,2,1,0,0,0,2,0,1,0,0,1,254
653t,Tre'Davious White,6393e1574e48fdec9c1a044c,4,12,2,0,0,0,18,2,1,0,0,1,1,1,1,0,1,181
653t,DaVon Hamilton,6393decb4e48fdec9c1972fb,8,12,5,0,0,0,1,0,0,0,0,1,0,0,0,0,0,195
653t,Rock Ya-Sin,6393e0066dadddc83824070a,14,12,4,0,0,0,21,2,0,0,0,0,0,0,0,0,0,277
653t,Linval Joseph,6396555832e0836ab49dcbef,7,12,5,1,3,0,0,0,0,0,0,1,0,1,1,0,2,161
653t,Dominique Robinson,63910568219d1455f3e011b6,11,12,7,0.5,4.5,0,4,1,0,0,0,1,1,1,0,2,3,240
653t,Tyler Lacy,6526d36e2fa16ce9e6160f5c,15,12,7,0,0,0,0,1,0,0,0,1,0,3,3,0,3,147
653t,Logan Ryan,63965420215be9feb896ab72,5,12,4,0,0,0,3,0,0,0,0,1,0,0,0,0,0,124
653t,Chad Muma,6391051363b0801348bac037,17,12,7,0,0,0,6,2,0,0,0,0,10,0,0,0,0,145
653t,Avonte Maddox,6393e10273e62c17f2618383,4,12,4,0,0,1,18,2,0,0,0,1,0,0,0,0,0,138
653t,Cam Jones,6526d3515906546d2e987df2,17,12,3,0,0,0,7,0,0,0,0,0,7,0,0,1,1,82
664t,Eric Murray,639638b7071a18e16babf271,6,11,5,0,0,1,4,0,0,0,0,0,1,0,0,0,0,174
664t,Ugo Amadi,6393e0174e48fdec9c19a1ac,17,11,6,0,0,0,12,2,0,0,0,0,3,0,0,0,0,83
664t,Jay Tufele,6393dee8ffee7578cffb57af,10,11,7,0,0,0,1,0,0,0,0,0,0,0,1,0,1,96
664t,Jammie Robinson,6526d39a5906546d2e98941a,15,11,6,0,0,0,5,0,0,0,0,0,1,0,0,0,0,64
664t,DiCaprio Bootle,6393ddac73e62c17f260d67f,8,11,0,0,0,0,18,2,0,0,0,0,1,0,0,0,0,183
664t,Darnay Holmes,6393dee86dadddc83823d79d,16,11,1,0,0,1,16,3,2,0,0,1,0,0,0,0,0,122
664t,Boogie Basham,6393ddc94e48fdec9c194c67,13,11,6,0,0,0,2,0,0,0,0,0,12,0,0,0,0,194
664t,Daiyan Henley,6526d352a78ccf43a2e568a0,15,11,7,0,0,0,7,0,0,0,0,0,3,0,0,0,0,53
664t,Ar'Darius Washington,6393dda773e62c17f260d16a,2,11,5,1,8,0,17,2,0,0,0,1,2,2,1,0,2,113
664t,Gregory Junior,6526d36e2fa16ce9e6160e8c,9,11,4,0,0,0,9,1,0,0,0,2,3,0,0,1,1,95
664t,Kindle Vildor,6393decf73e62c17f2610f7e,7,11,1,0,0,1,20,2,0,0,0,2,2,1,1,0,1,209
675t,Nephi Sewell,6391055e219d1455f3e00c1e,16,10,4,0,0,1,3,0,0,0,0,2,3,0,0,0,0,58
675t,Joseph Ossai,6393dda74e48fdec9c193c6e,14,10,4,1,0,0,1,1,0,0,0,1,2,7,6,0,7,178
675t,Elijah Riley,6393def96dadddc83823dcf7,13,10,7,1,2,0,5,0,0,0,0,2,3,1,0,1,2,50
675t,Malik Herring,6393dd89c7099552f7470dcb,7,10,3,1.5,10,1,2,1,0,0,0,2,0,3,1,1,4,163
675t,Marlon Davidson,6393dea2ffee7578cffb4280,5,10,4,1,8,0,1,0,0,0,0,2,0,1,0,1,2,163
675t,Isaac Rochell,6393e1ac4e48fdec9c1a199c,8,10,3,0,0,0,3,0,0,0,0,2,0,0,0,0,0,120
675t,Quinton Bohanna,6393dd8cc7099552f7470fc4,6,10,5,0,0,0,0,0,0,0,0,2,0,0,0,0,0,113
675t,Dawuane Smoot,6393e174c7099552f747da7d,12,10,2,1,6,1,0,0,0,0,0,0,4,4,2,1,4,340
675t,Jesse Luketa,63910537219d1455f3dff835,14,10,7,0,0,0,1,0,0,0,0,1,10,1,1,1,2,131
675t,Christopher Hinton,639105394241d1eb7fab9545,3,10,6,0,0,0,0,0,0,0,0,0,0,0,0,0,0,81
675t,Jeremiah Moon,6391050763b0801348babc85,8,10,6,0,0,2,1,0,0,0,0,1,4,0,0,0,0,99
675t,Ezekiel Turner,6393e10973e62c17f26185b4,16,10,12,0,0,0,2,0,0,0,0,0,0,0,0,0,0,50
687t,Elijah Campbell,6393e08373e62c17f261462b,15,9,5,0,0,0,9,1,0,0,0,0,0,0,0,0,0,122
687t,Ben VanSumeren,6526d3b714f02fc45f542acc,9,9,9,0,0,0,2,0,0,0,0,0,0,0,0,0,0,49
687t,Daryl Worley,639638ad071a18e16babe9a2,12,9,4,0,0,0,7,1,0,0,0,0,0,0,0,0,0,124
687t,Alex Cook,6526d3c62fa16ce9e6161e4c,10,9,5,0,0,0,2,0,0,0,0,1,1,0,0,0,0,155
687t,Romeo Okwara,639638e5071a18e16bac0905,16,9,6,2,20,1,0,2,0,0,0,1,0,5,3,2,7,248
687t,Jeremiah Pharms Jr.,6526d36c2fa16ce9e6160dfc,12,9,5,0,0,0,0,0,0,0,0,0,0,0,0,0,0,88
687t,Brandin Echols,6393dd8cc7099552f7471021,14,9,4,0,0,0,14,2,1,1,0,0,1,0,0,0,0,143
687t,Desjuan Johnson,6526d3af14f02fc45f542634,11,9,4,2,10,1,0,0,0,0,0,2,0,2,0,1,3,102
687t,Rashaan Evans,6393e0cbc7099552f747ac80,9,9,5,0,0,0,2,0,0,0,0,0,2,0,0,0,0,72
687t,Poona Ford,6393e0e04e48fdec9c19d452,8,9,4,1,6,0,0,0,0,0,0,1,0,3,2,2,5,151
687t,Justin Houston,639654de926e4df2104aa229,7,9,4,0.5,3.5,0,4,1,0,0,0,2,13,3,2,2,5,178
687t,Owen Pappoe,6526d3a32fa16ce9e6161404,16,9,6,0,0,0,6,1,0,0,0,0,10,1,1,0,1,113
687t,Isaiah Foskey,6526d39c5906546d2e9895e8,10,9,4,0,0,0,1,1,0,0,0,0,1,0,0,0,0,85
687t,Alex Austin,6526d358a78ccf43a2e56998,8,9,2,0,0,0,16,2,1,0,0,0,0,0,0,0,0,214
701t,Abdullah Anderson,6393e0b5c7099552f747a753,7,8,3,0.5,2,0,1,0,0,0,0,1,0,1,0,0,1,111
701t,Shaq Thompson,6396395b40970877a43149fe,2,8,2,0,0,0,5,0,0,0,0,0,3,0,0,1,1,68
701t,SirVocea Dennis,6526d39014f02fc45f541a42,13,8,2,0,0,0,6,1,0,0,0,0,1,0,0,0,0,100
701t,Sheldon Day,639638e5071a18e16bac08f5,6,8,5,0,0,0,0,0,0,0,0,1,1,0,0,1,1,125
701t,Zach VanValkenburg,639105354241d1eb7fab929c,9,8,5,1,8,0,2,0,0,0,0,1,3,2,1,0,2,96
701t,Phil Hoskins,6393dd8cc7099552f7470fba,5,8,6,0,0,0,0,0,0,0,0,0,0,0,0,1,1,124
701t,Jordon Riley,6526d3c72fa16ce9e6161ede,8,8,4,0,0,0,0,0,0,0,0,1,0,0,0,0,0,135
701t,TK McLendon Jr.,6526d37ea78ccf43a2e572eb,7,8,5,0,0,0,0,0,0,0,0,0,0,0,0,0,0,100
701t,Frank Clark,6396393e40970877a4313c6c,8,8,4,0,0,0,3,0,0,0,0,0,0,0,0,1,1,178
701t,Jon Rhattigan,6393dde5c7099552f747250f,17,8,6,0,0,0,2,0,0,0,0,0,0,0,0,0,0,21
701t,Keondre Coburn,6526d3525906546d2e987f0e,5,8,5,0,0,0,0,0,0,0,0,1,0,0,0,0,0,107
701t,Ben Stille,639105324241d1eb7fab8f41,5,8,2,1,0,0,0,0,0,0,0,0,0,1,0,2,3,133
701t,Andrew Booth Jr.,6391055463b0801348bad62b,17,8,1,0,0,0,10,1,0,0,0,0,0,0,0,0,0,151
701t,Jaquelin Roy,6526d3cc2fa16ce9e6162190,12,8,5,0,0,0,0,0,0,0,0,1,0,1,1,0,1,95
701t,Janarius Robinson,6393ddc84e48fdec9c19497f,6,8,3,1,9,0,0,0,0,0,0,1,0,2,1,0,2,78
701t,Phidarian Mathis,6391050a4241d1eb7fab8548,10,8,6,0,0,0,0,0,0,0,0,0,0,1,1,0,1,202
717t,Nik Needham,6393dfde4e48fdec9c198c62,10,7,3,0,0,0,8,0,0,0,0,0,2,0,0,0,0,72
717t,Cam Gill,6393df0e73e62c17f2612f75,15,7,7,1,7,1,1,0,0,0,0,0,3,1,0,1,2,61
717t,J.J. Russell,63910549219d1455f3e0011b,8,7,3,1,9,0,1,0,0,0,0,1,2,1,0,0,1,69
717t,Trenton Simpson,6526d387a78ccf43a2e578b7,15,7,3,1,6,0,1,0,0,0,0,2,5,1,0,0,1,46
717t,Carlos Watkins,6393e1926dadddc838246024,2,7,3,1,6,0,0,1,0,0,0,1,0,1,0,0,1,43
717t,Deon Bush,639638d28850e971e42c24f6,6,7,2,0,0,0,2,0,0,0,0,0,0,0,0,0,0,73
717t,Marcus Davenport,6393e0d9c7099552f747b381,4,7,4,2,17,0,1,0,0,0,0,2,7,4,2,2,6,118
717t,Jalen Reeves-Maybin,6393e1544e48fdec9c1a0252,17,7,7,1,13,0,8,2,0,0,0,1,14,2,1,0,2,92
717t,Tony Brown,6393e0ccc7099552f747ad18,12,7,2,0,0,1,7,1,1,0,0,0,0,0,0,0,0,56
717t,Bryce Hall,6393dee7ffee7578cffb56a1,9,7,2,0,0,0,12,2,1,0,0,0,1,0,0,0,0,137
717t,Matthew Adams,6393e0f7c7099552f747b6b8,17,7,6,0,0,1,2,0,0,0,0,0,7,0,0,0,0,95
717t,Drake Jackson,6391055963b0801348bad9ef,8,7,3,3,20,0,1,1,0,0,0,2,1,3,1,4,8,197
717t,Myjai Sanders,6391054863b0801348bad14b,7,7,3,0,0,0,1,0,0,0,0,1,2,2,2,2,4,138
717t,Jake Hansen,63910533219d1455f3dff65f,14,7,4,0,0,0,6,0,0,0,0,0,6,0,0,1,1,45
717t,Jake Martin,6393e0fa4e48fdec9c19e724,17,7,2,2,11,0,0,0,0,0,0,1,0,3,1,1,4,192
717t,Mike Brown,63910568219d1455f3e011b2,9,7,2,0,0,0,7,1,0,0,0,0,1,0,0,0,0,112
717t,Jordan Kunaszyk,6393e013c7099552f7475d81,5,7,2,0,0,0,3,0,0,0,0,2,3,0,0,0,0,55
717t,Sam Kamara,6393dd78c7099552f74702fe,2,7,3,0,0,0,0,0,0,0,0,1,1,0,0,0,0,78
717t,Melvin Ingram,63965452926e4df2104a9009,3,7,1,1.5,8,0,1,0,0,0,0,1,1,2,0,1,3,95
736t,Duke Shelley,6393dfe7c7099552f7474566,11,6,1,0,0,0,11,2,0,0,0,0,0,0,0,0,0,75
736t,Tristin McCollum,639105a963b0801348baf9b2,3,6,2,0,0,0,2,0,0,0,0,0,0,0,0,0,0,29
736t,Isaiah Land,6390ffb6c6340e3aa106138a,7,6,4,1,0,0,0,0,0,0,0,0,0,1,0,0,1,31
736t,Myles Adams,6393deb273e62c17f260fed7,11,6,4,1,7,0,0,0,0,0,0,1,0,1,0,4,5,86
736t,Keir Thomas,63910550219d1455f3e00690,8,6,3,0,0,0,1,0,0,0,0,0,2,2,2,0,2,95
736t,Isaiah McGuire,6526d38714f02fc45f5414cb,4,6,1,1,12,0,0,0,0,0,0,2,1,2,1,1,3,93
736t,David Ojabo,639105394241d1eb7fab952b,3,6,1,1,5,1,0,0,0,0,0,0,0,1,0,1,2,83
736t,Jalen Harris,6526d3c9a78ccf43a2e57f42,5,6,1,0,0,0,1,1,0,0,0,0,0,1,1,0,1,87
736t,Al Woods,6396554f926e4df2104aba38,6,6,2,1,2,0,1,0,0,0,0,2,0,2,1,1,3,138
736t,Siran Neal,6393e0856dadddc838243188,17,6,4,0,0,0,7,0,0,0,0,0,3,0,0,0,0,46
736t,Kahlef Hailassie,6526d3589ed9a52170f99787,9,6,1,0,0,0,9,1,0,0,0,1,0,0,0,0,0,105
736t,Trevis Gipson,6393ded773e62c17f261141a,8,6,5,1,8,1,1,0,0,0,0,0,1,0,0,1,2,77
736t,Julian Okwara,6393defa6dadddc83823ddf3,9,6,1,2,8,0,1,1,0,0,0,2,2,4,2,1,5,120
736t,Mike Greene,639105a663b0801348baf82e,10,6,4,0,0,0,0,0,0,0,0,0,0,0,0,0,0,167
736t,Garret Wallow,6393dda773e62c17f260d12a,5,6,1,0,0,0,3,0,0,0,0,0,2,0,0,0,0,48
736t,Eric Stokes,6393dd89c7099552f7470dd2,3,6,1,0,0,0,8,0,0,0,0,1,0,0,0,0,0,108
736t,Hassan Ridgeway,639638ae071a18e16babeb7b,3,6,5,0,0,0,0,0,0,0,0,0,0,0,0,0,0,61
753t,Darrell Luter Jr.,6526d3a15906546d2e9899e3,7,5,3,0,0,0,5,0,0,0,0,0,0,0,0,0,0,63
753t,Parry Nickerson,6393e0f44e48fdec9c19e42c,5,5,0,0,0,0,6,0,0,0,0,0,4,0,0,0,0,84
753t,Matthias Farley,639638e5071a18e16bac08fd,5,5,1,0,0,0,3,0,0,0,0,0,0,0,0,0,0,68
753t,JT Woods,6391052f219d1455f3dff5d6,3,5,0,0,0,0,3,0,0,0,0,0,0,0,0,0,0,61
753t,Mario Goodrich,6391055463b0801348bad5de,4,5,2,0,0,0,10,0,0,0,0,0,0,0,0,0,0,69
753t,Ka'dar Hollman,6393e01a4e48fdec9c19a484,17,5,4,0,0,0,6,0,0,0,0,0,2,0,0,0,0,101
753t,Noah Sewell,6526d3c9a78ccf43a2e57f66,13,5,5,0,0,1,0,0,0,0,0,0,0,0,0,0,0,27
753t,Marcus Jones,6391054d219d1455f3e004ee,2,5,1,0,0,0,5,0,0,0,0,0,1,0,0,0,0,44
753t,D'Shawn Jamison,6526d39a5906546d2e9893ce,15,5,4,0,0,0,8,1,0,0,0,0,2,0,0,0,0,108
753t,Chandler Wooten,6391050a4241d1eb7fab8466,8,5,6,0,0,0,4,0,0,0,0,0,2,0,0,0,0,47
753t,Raheem Layne,6391053c219d1455f3dff9e6,5,5,2,0,0,0,3,0,0,0,0,0,0,0,0,0,0,76
753t,Jake Hummel,6391052f4241d1eb7fab8d6e,17,5,3,0,0,0,5,0,0,0,0,0,0,0,0,0,0,45
753t,Carl Lawson,6393e1574e48fdec9c1a0528,6,5,3,0,0,0,0,0,0,0,0,0,0,0,0,0,0,101
753t,Israel Mukuamu,6393dd88ffee7578cffb0c3d,14,5,2,0,0,0,3,1,0,0,0,0,0,0,0,0,0,76
753t,Earnest Brown IV,6393ddafffee7578cffb1c53,7,5,3,0,0,0,1,0,0,0,0,0,0,0,0,0,0,56
753t,Sam Roberts,6526d36c2fa16ce9e6160d28,7,5,3,0,0,0,0,0,0,0,0,0,0,0,0,0,0,100
753t,Levi Onwuzurike,6393deee73e62c17f261179e,10,5,1,1,11,0,2,0,0,0,0,1,0,2,1,0,2,131
753t,Chris Rumph II,6393ddc773e62c17f260e7b6,6,5,1,0,0,0,1,0,0,0,0,0,0,0,0,0,0,102
753t,Dee Winters,6526d3a15906546d2e989a03,15,5,4,0,0,0,12,1,0,0,0,0,1,0,0,0,0,61
753t,Tre Tomlinson,6526d3af14f02fc45f542664,15,5,2,0,0,0,6,0,0,0,0,0,0,0,0,0,0,44
753t,Brandon Facyson,6393e1014e48fdec9c19ea22,3,5,1,0,0,0,6,0,0,0,0,0,1,0,0,0,0,45
753t,Divaad Wilson,6526d3745906546d2e9889a4,2,5,1,0,0,0,7,0,0,0,0,0,1,0,0,0,0,96
753t,Kyu Blu Kelly,6526d38c14f02fc45f5416c5,8,5,0,0,0,0,4,0,0,0,0,1,1,0,0,0,0,20
753t,Jalyn Holmes,6393e0eb4e48fdec9c19dc63,5,5,2,1,5,0,0,0,0,0,0,1,0,1,0,0,1,80
777t,Baylon Spector,6391055463b0801348bad5a4,9,4,4,0,0,0,1,0,0,0,0,0,0,0,0,0,0,26
777t,Timmy Horne,6391052d219d1455f3dff39f,4,4,4,0,0,0,0,1,0,0,0,0,0,0,0,1,1,63
777t,Roderic Teamer,6393e0006dadddc8382403f3,6,4,1,0,0,0,2,0,0,0,0,0,0,0,0,0,0,47
777t,Khalil Dorsey,6393df026dadddc83823e09c,13,4,4,0,0,0,8,1,0,0,0,0,1,0,0,0,0,80
777t,Markees Watts,6526d39014f02fc45f54199a,7,4,0,1,6,0,2,0,0,0,0,1,0,1,1,0,2,45
777t,Byron Young,6526d3539ed9a52170f995a6,6,4,0,0,0,0,0,0,0,0,0,0,0,0,0,0,0,99
777t,Adetomiwa Adebawore,6526d36d5906546d2e98877c,10,4,1,1.5,12.5,0,1,0,0,0,0,1,0,4,2,0,4,132
777t,Oshane Ximines,6393dfe2c7099552f7474336,3,4,3,0,0,0,1,0,0,0,0,0,2,2,2,0,2,51
777t,P.J. Mustipher,6526d35114f02fc45f540eb2,4,4,3,0,0,0,0,0,0,0,0,0,0,0,0,0,0,42
777t,Channing Tindall,63910517219d1455f3dfe83c,17,4,5,0,0,0,0,0,0,0,0,0,0,0,0,0,0,12
777t,Trevon Diggs,6393dea4ffee7578cffb4382,2,4,0,0,0,1,9,3,1,0,0,0,0,0,0,0,0,101
777t,Vincent Gray,639105394241d1eb7fab94f7,1,4,1,0,0,0,7,2,0,0,0,0,0,0,0,0,0,44
777t,Robert Beal Jr.,6526d3a05906546d2e989993,4,4,3,1,7,0,0,0,0,0,0,1,0,1,0,0,1,39
777t,Chris Wormley,6393e17a73e62c17f261a626,5,4,3,0,0,0,0,0,0,0,0,0,0,0,0,0,0,46
777t,Elijah Garcia,6391051f4241d1eb7fab8c96,3,4,3,1,4,1,0,0,0,0,0,0,0,1,0,0,1,31
777t,Mike Pennel,6396540c215be9feb896a00d,3,4,2,0,0,0,0,0,0,0,0,1,0,0,0,0,0,45
777t,Pat O'Connor,6393e1a6ffee7578cffb7744,11,4,2,0,0,0,0,0,0,0,1,2,0,0,0,0,0,41
777t,Chris Lammons,6393e0c7c7099552f747aa6d,4,4,2,0,0,0,2,1,0,0,0,0,2,0,0,0,0,60
777t,Tayler Hawkins,639105174241d1eb7fab8abb,1,4,1,0,0,0,3,1,1,0,0,0,2,0,0,0,0,66
777t,Blake Martinez,639638db8850e971e42c293c,1,4,2,0,0,0,0,0,0,0,0,0,1,0,0,0,0,21
777t,Lonnie Johnson Jr.,6393dfcdc7099552f747365b,12,4,1,0,0,0,6,2,1,0,0,0,1,0,0,0,0,124
777t,Jason Taylor II,6526d3af14f02fc45f5426a0,8,4,0,0,0,0,1,0,0,0,0,0,0,0,0,0,0,40
777t,Josh Blackwell,6391055563b0801348bad7ba,10,4,2,0,0,1,2,0,0,0,0,0,1,0,0,0,0,21
777t,Nick Hampton,6526d3af14f02fc45f5425e8,10,4,2,0,0,0,2,1,0,0,0,0,2,0,0,0,0,67
777t,Jalyn Armour-Davis,6391050b4241d1eb7fab8554,8,4,4,0,0,0,3,0,0,0,0,0,0,0,0,0,0,28
777t,Bruce Hector,6393e0f973e62c17f2617e71,2,4,2,0,0,0,0,0,0,0,0,1,0,0,0,0,0,37
777t,AJ Parker,6393dda873e62c17f260d308,1,4,3,0,0,0,3,0,0,0,0,0,0,0,0,0,0,35
777t,Tyson Alualu,6396557c32e0836ab49de4d9,2,4,1,0,0,0,0,0,0,0,0,0,0,0,0,0,0,67
777t,T.J. Smith,6393dea673e62c17f260fb8c,2,4,3,0,0,0,0,0,0,0,0,0,0,0,0,0,0,26
777t,D'Marco Jackson,6526d39c5906546d2e989579,17,4,9,0,0,0,1,0,0,0,0,0,1,0,0,0,0,10
777t,Andre Jones Jr.,6526d3b014f02fc45f5426c8,14,4,3,0,0,0,0,3,0,0,0,0,0,0,0,0,0,169
808t,Malik Reed,6393dfd9c7099552f7473c8b,4,3,2,0,0,0,2,0,0,0,0,0,3,0,0,0,0,62
808t,Cory Durden,6526d3af14f02fc45f5425c3,4,3,2,0,0,0,0,0,0,0,0,0,0,0,0,0,0,44
808t,Darius Rush,6526d3515906546d2e987dfe,3,3,1,0,0,0,2,1,0,0,0,0,0,0,0,0,0,39
808t,Riley Moss,6526d35214f02fc45f540f52,14,3,4,0,0,0,1,0,0,0,0,0,0,0,0,0,0,25
808t,Sean Chandler,6393e0fa4e48fdec9c19e70b,2,3,1,0,0,0,2,0,0,0,0,0,0,0,0,0,0,63
808t,Moro Ojomo,6526d3b714f02fc45f542aac,8,3,1,0,0,0,0,0,0,0,0,0,0,0,0,0,0,68
808t,Daniel Ekuale,6393e1084e48fdec9c19eea3,3,3,1,0,0,1,0,0,0,0,0,0,0,0,0,0,0,53
808t,Samuel Womack III,6391056863b0801348bae391,7,3,1,0,0,0,5,0,0,0,0,0,0,0,0,0,0,69
808t,Eku Leota,6526d39b5906546d2e9894c1,8,3,2,0,0,0,1,0,0,0,0,0,1,1,0,1,1,77
808t,Nic Jones,6526d3525906546d2e987f0a,9,3,0,0,0,0,2,0,0,0,0,1,2,1,1,0,1,67
808t,Josh Hayes,6526d39014f02fc45f541a1a,15,3,8,0,0,0,2,0,0,0,0,0,0,0,0,0,0,28
808t,Kerry Hyder Jr.,63965381215be9feb8968662,6,3,0,1,7,0,0,0,0,0,0,2,0,1,0,2,3,98
808t,Brian Asamoah II,639105314241d1eb7fab8e82,13,3,5,0,0,0,1,0,0,0,0,0,1,0,0,1,1,36
808t,Tariq Castro-Fields,63910537219d1455f3dff817,8,3,1,0,0,0,3,0,0,0,0,0,0,0,0,0,0,22
808t,Andrew Farmer,6526d351a78ccf43a2e56838,8,3,2,0,0,0,0,0,0,0,0,0,4,0,0,0,0,61
808t,Tyler Matakevich,639638c98850e971e42c1fff,17,3,3,0,0,0,2,0,0,0,0,0,0,0,0,0,0,17
808t,Cameron McGrone,6393ddb3ffee7578cffb214f,12,3,2,0,0,0,0,0,0,0,0,0,0,0,0,0,0,8
808t,Kyle Phillips,6393dfcaffee7578cffb6d8b,5,3,2,0,0,0,0,0,0,0,0,0,0,0,0,0,0,56
808t,Markus Bailey,6393dec36dadddc83823c7fa,17,3,4,0,0,0,1,0,0,0,0,0,1,0,0,0,0,29
808t,Christian Holmes,6391052963b0801348bac805,13,3,5,0,0,0,2,1,0,0,0,0,0,0,0,0,0,33
808t,Perrion Winfrey,639105314241d1eb7fab8edd,1,3,2,0,0,0,0,0,0,0,0,0,0,0,0,0,0,13
808t,Micah Abernathy,6393dfcaffee7578cffb6ddc,12,3,2,0,0,0,2,0,0,0,0,0,2,0,0,0,0,24
808t,Cameron Goode,6391055f219d1455f3e00dd9,17,3,3,0,0,0,1,0,0,0,0,0,4,2,2,1,3,76
808t,Von Miller,639654f3ed3d6c80d4f53dc9,12,3,1,0,0,0,2,0,0,0,0,0,3,3,3,2,5,257
808t,Ameer Speed,6526d36b2fa16ce9e6160cf1,13,3,1,0,0,0,0,0,0,0,0,1,1,0,0,0,0,14
808t,Mike Morris,6526d3b02fa16ce9e61617d7,1,3,1,0,0,0,0,0,0,0,0,0,0,0,0,0,0,26
808t,Jalen Davis,6393e0cf6dadddc83824457e,16,3,2,0,0,0,7,1,0,0,0,0,0,0,0,0,0,53
808t,Brodric Martin,6526d3c92fa16ce9e6162045,3,3,2,0,0,0,0,0,0,0,0,0,0,0,0,0,0,28
808t,Kendall Sheffield,6393dff46dadddc83823ffd2,5,3,0,0,0,0,3,0,0,0,0,1,0,0,0,0,0,24
808t,Carl Davis,6396393b74bd36db118b5545,3,3,3,0,0,0,0,0,0,0,0,0,0,0,0,0,0,30
808t,Kingsley Jonathan,6391055163b0801348bad319,13,3,2,0,0,0,0,0,0,0,0,0,0,2,2,3,5,96
808t,Tyler Lancaster,6393e0e84e48fdec9c19d9e7,3,3,1,0,0,0,0,0,0,0,0,1,0,0,0,0,0,42
840t,Nick Bellore,6396551957b9fbc69ebbd8bb,16,2,6,0,0,0,1,0,0,0,0,0,0,0,0,0,0,16
840t,Travis Bell,6526d3caa78ccf43a2e5804c,2,2,0,0,0,0,0,0,0,0,0,0,0,0,0,0,0,30
840t,Kendal Vickers,6393e0c673e62c17f261638a,2,2,1,0,0,0,0,0,0,0,0,0,0,0,0,1,1,61
840t,Quindell Johnson,6526d3b75906546d2e989c2c,9,2,1,0,0,0,1,1,1,0,0,0,0,0,0,0,0,35
840t,Chance Campbell,6391050e4241d1eb7fab874c,4,2,2,0,0,0,0,0,0,0,0,0,0,0,0,0,0,5
840t,Grant Stuard,6393ddc6ffee7578cffb2a3f,17,2,1,0,0,0,2,0,0,0,0,0,4,1,0,0,0,33
840t,Malik Jefferson,6393e0e04e48fdec9c19d44e,3,2,1,0,0,0,0,0,0,0,0,1,0,0,0,0,0,6
840t,Nesta Jade Silvera,6526d3539ed9a52170f995a2,2,2,1,0,0,0,0,0,0,0,0,0,0,0,0,0,0,24
840t,Tanner McCalister,6526d38714f02fc45f5414f6,3,2,1,0,0,0,0,0,0,0,0,0,2,0,0,0,0,18
840t,Tae Hayes,6393dff873e62c17f2614285,1,2,0,0,0,0,3,0,0,0,0,0,0,0,0,0,0,13
840t,Joe Gaziano,6393dec673e62c17f2610ad2,2,2,1,0,0,0,0,0,0,0,0,0,0,0,0,0,0,48
840t,Kelvin Joseph,6393dd8cc7099552f7470fce,5,2,0,0,0,0,2,0,0,0,0,0,0,0,0,0,0,21
840t,McTelvin Agim,6393dea673e62c17f260fc30,1,2,2,0,0,0,0,0,0,0,0,0,0,1,1,0,1,13
840t,Nahshon Wright,6393ddd773e62c17f260f1a3,12,2,2,0,0,0,6,1,0,0,0,0,0,0,0,0,0,52
840t,Ochaun Mathis,6526d3af14f02fc45f54268c,8,2,1,0,0,0,0,0,0,0,0,0,7,1,1,0,1,75
840t,Ross Blacklock,6393debbffee7578cffb4f55,4,2,1,0,0,0,0,0,0,0,0,0,0,0,0,0,0,69
840t,Jay Ward,6526d3cb2fa16ce9e616213c,17,2,3,0,0,0,2,0,0,0,0,0,2,0,0,0,0,35
840t,Jason Pierre-Paul,63965577215be9feb896e36d,3,2,1,0,0,0,0,0,0,0,0,0,0,0,0,0,0,22
840t,Calvin Munson,6393e1616dadddc8382449ba,8,2,0,0,0,0,1,0,0,0,0,0,1,0,0,0,0,23
840t,Mohamoud Diabate,6526d38614f02fc45f541483,16,2,5,0,0,0,0,0,0,0,0,0,2,0,0,0,0,26
840t,Shyheim Carter,6393dea4ffee7578cffb4370,3,2,2,0,0,0,0,0,0,0,0,0,0,0,0,0,0,24
840t,T.Y. McGill,6396395174bd36db118b6395,2,2,1,0,0,1,0,0,0,0,0,0,0,1,1,0,1,50
840t,Eric Banks,6393deb473e62c17f260ffea,2,2,0,0,0,0,0,0,0,0,0,0,0,0,0,0,0,42
840t,Efe Obada,6526d3b114f02fc45f542764,5,2,1,0,0,0,0,0,0,0,0,0,1,0,0,0,0,97
840t,Joey Blount,6391055a63b0801348bada9e,11,2,4,0,0,2,1,1,1,0,0,0,0,0,0,0,0,25
840t,Brandon Pili,6526d3645906546d2e988494,4,2,1,0,0,0,0,0,0,0,0,0,0,0,0,0,0,29
840t,Jaylon Smith,639638e5071a18e16bac08f1,1,2,0,0,0,0,0,0,0,0,0,0,1,0,0,0,0,25
840t,Jalen Tolbert,63910545219d1455f3dffe7d,17,2,0,0,0,0,2,0,0,0,0,0,0,0,0,0,0,2
840t,Kevon Seymour,639638d58850e971e42c26a1,8,2,0,0,0,0,1,0,0,0,0,0,0,0,0,0,0,13
840t,Devin Harper,6391052963b0801348bac78e,9,2,1,0,0,0,0,0,0,0,0,0,1,0,0,0,0,6
840t,Tyrus Wheat,6390ff4879e1e4ae342f86b5,12,2,1,0,0,0,1,0,0,0,0,0,5,0,0,0,0,32
840t,Kana'i Mauga,6391055963b0801348bad9c4,5,2,2,0,0,0,3,0,0,0,0,0,0,0,0,0,0,11
840t,George Odum,6393e08e6dadddc838243412,11,2,6,0,0,0,2,0,0,0,0,0,0,0,0,0,0,38
840t,L.J. Collier,6393dfe5c7099552f7474411,1,2,0,0,0,0,0,0,0,0,0,0,0,0,0,0,0,37
840t,Cam Smith,6526d3655906546d2e988574,15,2,1,0,0,0,3,0,0,0,0,0,1,0,0,0,0,22
840t,Buddy Johnson,6393dd8fc7099552f7471248,2,2,1,0,0,0,0,0,0,0,0,0,0,0,1,0,1,3
840t,Thomas Incoom,6526d35214f02fc45f540f1e,4,2,1,0,0,0,0,0,0,0,0,0,1,0,0,0,0,20
840t,Joejuan Williams,6393dfca6dadddc83823f9fa,6,2,1,0,0,0,4,2,0,0,0,0,0,0,0,0,0,56
840t,Tanzel Smart,6393e1866dadddc838245bb8,4,2,1,0,0,0,0,0,0,0,0,0,0,0,0,0,0,63
840t,Andre Carter II,6526d3cc2fa16ce9e61621bc,12,2,2,0,0,0,0,0,0,0,0,0,0,0,0,0,0,68
840t,Jerrick Reed II,6526d3b02fa16ce9e61618ab,10,2,2,0,0,0,2,0,0,0,0,0,0,0,0,0,0,30
840t,Drake Thomas,6526d3595906546d2e988197,7,2,2,0,0,0,0,0,0,0,0,0,0,0,0,0,0,5
882t,Cory Littleton,639638d98850e971e42c2864,10,1,1,0,0,0,1,0,0,0,0,0,0,0,0,0,0,24
882t,Austin Faoliu,6393ddda4e48fdec9c195a93,2,1,1,0,0,0,0,0,0,0,0,0,0,0,0,0,0,21
882t,Khalid Kareem,6393defa6dadddc83823de1c,1,1,0,0,0,0,1,1,0,0,0,0,0,0,0,0,0,26
882t,Payton Turner,6393ddc6ffee7578cffb2a5e,2,1,1,0,0,0,0,0,0,0,0,0,0,2,1,0,1,25
882t,Anthony Barr,6396539f57b9fbc69ebbb144,4,1,0,0,0,0,1,0,0,0,0,0,3,0,0,0,0,48
882t,J.T. Gray,6393e0ccc7099552f747ad63,14,1,5,0,0,0,0,0,0,0,0,0,0,0,0,0,0,6
882t,Joe Bachie,6393decb6dadddc83823cb91,16,1,3,0,0,0,0,0,0,0,0,0,2,0,0,0,0,10
882t,Derrek Pitts,6526d38f14f02fc45f54197a,4,1,0,0,0,0,2,0,0,0,0,0,0,0,0,0,0,18
882t,Matthew Butler,63910502219d1455f3dfe47d,2,1,1,0,0,0,0,0,0,0,0,0,0,0,0,0,0,11
882t,Jaylin Williams,6526d3cc2fa16ce9e61621cc,3,1,0,0,0,0,3,0,0,0,0,0,0,0,0,0,0,24
882t,Josh Norman,6526d3512fa16ce9e61606e5,4,1,1,0,0,0,0,0,0,0,0,0,0,0,0,0,0,5
882t,BJ Thompson,6526d3525906546d2e987eae,1,1,0,0,0,0,1,0,0,0,0,0,5,0,0,0,0,29
882t,Chazz Surratt,6393ddc973e62c17f260e89e,14,1,2,0,0,0,0,0,0,0,0,0,1,0,0,0,0,9
882t,Neil Farrell,639105074241d1eb7fab8364,3,1,0,0,0,0,0,1,0,0,0,1,0,0,0,0,0,41
882t,Jack Heflin,6393ddaf73e62c17f260da7e,1,1,1,0,0,0,0,0,0,0,0,0,0,0,0,0,0,17
882t,Lewis Cine,63910517219d1455f3dfe882,7,1,1,0,0,0,0,0,0,0,0,0,0,0,0,0,0,8
882t,Peyton Hendershot,6391053c219d1455f3dff9ee,8,1,2,0,0,0,0,0,0,0,0,0,0,0,0,0,0,2
882t,Sam Eguavoen,6396393640970877a43136f2,15,1,1,0,0,0,2,0,0,0,0,0,0,0,0,0,0,12
882t,Yasir Abdullah,6526d36e2fa16ce9e6160ebc,5,1,0,0,0,0,1,0,0,0,0,0,7,1,1,1,2,45
882t,DJ Ivey,6526d385a78ccf43a2e57720,8,1,0,0,0,0,2,1,0,0,0,0,0,0,0,0,0,20
882t,Shemar Jean-Charles,6393ddb9ffee7578cffb25fd,8,1,1,0,0,0,0,0,0,0,0,0,0,0,0,0,0,10
882t,Sidney Jones IV,6393e1a16dadddc838246499,3,1,1,0,0,0,2,0,0,0,0,0,0,0,0,0,0,25
882t,Craig James,6393e0b3c7099552f747a560,2,1,0,0,0,0,3,1,0,0,0,0,0,0,0,0,0,42
882t,C.J. Goodwin,6526d3b52fa16ce9e616198a,5,1,0,0,0,0,2,0,0,0,0,0,0,0,0,0,0,16
882t,Neville Hewitt,639639308850e971e42c3d1c,16,1,6,0,0,0,0,0,0,0,0,0,0,0,0,0,0,3
882t,Brayden Willis,6526d3a15906546d2e9899b7,7,1,0,0,0,0,0,0,0,0,0,0,0,0,0,0,0,1
882t,Daniel Thomas,6393dea2ffee7578cffb42a2,15,1,1,0,0,0,0,0,0,0,0,0,0,0,0,0,0,14
882t,James Pierre,6393deb973e62c17f26105b6,16,1,2,0,0,0,2,0,0,0,0,0,0,0,0,0,0,26
882t,Curtis Robinson,6393ddd84e48fdec9c1958e1,3,1,0,0,0,0,0,0,0,0,0,0,0,0,0,0,0,3
882t,DeAngelo Malone,63910527219d1455f3dff014,17,1,2,0,0,0,0,0,0,0,0,0,0,0,0,0,0,3
882t,Kalia Davis,6526d3a15906546d2e989a3b,3,1,0,1,3,0,0,0,0,0,0,1,0,1,0,0,1,51
882t,Innis Gaines,6393debbffee7578cffb4ea1,4,1,1,0,0,0,3,0,0,0,0,0,0,0,0,0,0,6
882t,Ethan Bonner,6526d3655906546d2e98850c,2,1,1,0,0,0,2,1,0,0,0,0,0,0,0,0,0,12
882t,Austin Bryant,6393e00bc7099552f74757f2,2,1,1,0,0,0,0,0,0,0,0,0,0,0,0,1,1,36
882t,Brenton Strange,6526d36e2fa16ce9e6160eec,14,1,0,0,0,0,0,0,0,0,0,1,0,0,0,0,0,1
882t,Patrick Johnson,6393ddbe4e48fdec9c194548,15,1,2,0,0,0,0,0,0,0,0,0,3,0,0,1,1,38
882t,Curtis Bolton,6393dfed4e48fdec9c19943b,13,1,1,0,0,0,0,0,0,0,0,0,0,0,0,0,0,16
882t,Marquise Copeland,6393e0046dadddc8382404e4,1,1,0,0,0,0,0,0,0,0,0,0,0,0,0,0,0,11
882t,Michael Dogbe,6393e0066dadddc838240725,1,1,1,0,0,0,0,0,0,0,0,0,0,0,0,0,0,15
882t,Tyreke Smith,6526d3b02fa16ce9e6161873,3,1,1,0,0,0,0,0,0,0,0,0,0,0,0,0,0,19
882t,Amen Ogbongbemiga,6393dda573e62c17f260ce79,15,1,2,0,0,0,0,0,0,0,0,0,0,0,0,0,0,6
882t,Damar Hamlin,6393ddd04e48fdec9c195194,5,1,0,0,0,0,1,0,0,0,0,0,0,0,0,0,0,17
882t,Dallin Leavitt,6393e0cf6dadddc838244628,10,1,1,0,0,0,0,0,0,0,0,0,0,0,0,0,0,9
882t,James Houston,6391059a219d1455f3e02762,2,1,0,0,0,0,1,0,0,0,0,0,0,1,1,0,1,31
882t,Josiah Scott,6393decb6dadddc83823cbda,4,1,1,0,0,0,6,0,0,0,0,0,1,0,0,0,0,19
882t,Bruce Irvin,6396548557b9fbc69ebbb8a2,2,1,0,1,10,0,1,0,0,0,0,1,2,2,1,2,4,29
882t,Matthew Jackson,6526d37fa78ccf43a2e57387,10,1,3,0,0,0,0,0,0,0,0,0,0,0,0,0,0,2
882t,Benning Potoa'e,6393deee73e62c17f26117be,1,1,1,0,0,0,0,0,0,0,0,0,0,0,0,0,0,28
882t,Deadrin Senat,6393e0f873e62c17f2617e37,3,1,0,0,0,0,0,0,0,0,0,0,0,0,0,0,0,18
882t,Ty Shelby,6526d351a78ccf43a2e56850,1,1,0,0,0,0,0,0,0,0,0,0,0,0,0,0,0,10
882t,Eli Ankou,6393e199c7099552f747e443,1,1,1,0,0,0,0,0,0,0,0,0,0,0,0,0,0,9
933t,Travis Kelce,6396541d215be9feb896a8d9,15,0,0,0,0,0,0,0,0,0,0,0,0,0,0,0,0,2
933t,Jon Weeks,63966f70df8b3977cfe4754a,17,0,1,0,0,0,0,0,0,0,0,0,0,0,0,0,0,0
933t,Charlie Thomas III,6526d38614f02fc45f541497,4,0,0,0,0,0,0,0,0,0,0,0,1,0,0,0,0,0
933t,C.J. Ham,6526d3cc2fa16ce9e6162158,17,0,1,0,0,0,0,0,0,0,0,0,0,0,0,0,0,0
933t,Marcus McKethan,6391055463b0801348bad6ba,16,0,0,0,0,0,0,0,0,0,0,0,1,0,0,0,0,1
933t,Thomas Rush,6526d37ea78ccf43a2e5728f,0,0,,0,,,0,,0,0,0,0,0,0,0,1,,
933t,Stephen Anderson,639638d840970877a43117ee,3,0,1,0,0,0,0,0,0,0,0,0,0,0,0,0,0,0
933t,Daniel Sorensen,639653b7215be9feb89690a4,2,0,0,0,0,0,1,0,0,0,0,0,0,0,0,0,0,9
933t,Jason Verrett,6396537d215be9feb89685a8,1,0,0,0,0,0,1,0,0,0,0,0,0,0,0,0,0,5
933t,Brevin Jordan,6393ddcd73e62c17f260ea9b,14,0,1,0,0,0,0,0,0,0,0,0,0,0,0,0,0,0
933t,Ja'Marcus Ingram,6391056e63b0801348bae75b,3,0,0,0,0,0,0,0,0,0,0,0,0,0,0,0,0,8
933t,Ty Summers,6393dfe5c7099552f747443c,15,0,1,0,0,0,0,0,0,0,0,0,0,0,0,0,0,2
933t,Tycen Anderson,6391056863b0801348bae38a,7,0,3,0,0,0,0,0,0,0,0,0,0,0,0,0,0,0
933t,DJ Chark Jr.,6393e0cac7099552f747ab2a,15,0,1,0,0,0,0,0,0,0,0,0,0,0,0,0,0,0
933t,Trent Sieg,6393e0cf4e48fdec9c19cd99,17,0,1,0,0,0,0,0,0,0,0,0,0,0,0,0,0,0
933t,Connor McGovern,6396389374bd36db118b3672,7,0,1,0,0,0,0,0,0,0,0,0,0,0,0,0,0,0
933t,Hunter Luepke,6390fee09c019f89bc2d1993,17,0,1,0,0,0,0,0,0,0,0,0,0,0,0,0,0,1
933t,Grant Calcaterra,63910547219d1455f3dfff66,15,0,2,0,0,0,0,0,0,0,0,0,0,0,0,0,0,0
